provider,ntd_id,voms_dr,voms,upt_dr,upt,fare_revenue_dr,fare_revenue,fare_type,payment_accepted,contact_city,service_county,interconnected_providers,url,fare_url,gtfs,gtfs_rt_service_alerts,gtfs_rt_trip_updates,gtfs_rt_vehicle_locations
City of Fontana,,,,,,,,,,Fontana,San Bernardino,,https://www.fontana.org/,,,,,
AC Transit,90014,794,2382,770782,52019068,2917515,66134484,,"cash, card, benefit",Oakland,"Alameda, Contra Costa",,http://www.actransit.org/,,https://api.actransit.org/transit/gtfs/current?token=2512B81107A09D2DC44895CDDC650D42,,,
Pasadena Transit,99424,31,31,80378,1542871,50870,742820,Flat,"cash, card",Pasadena,Los Angeles,Low-Income Fare is Easy,https://www.cityofpasadena.net/pasadena-transit/,https://www.cityofpasadena.net/pasadena-transit/fares/,http://rt.pasadenatransit.net/rtt/public/utility/gtfs.aspx,,https://transitfeeds.com/p/pasadena-transit/1054,
California City Dial-A-Ride,9R02-91111,3,0,15263,0,21878,0,,,California City,Kern,,https://www.californiacity-ca.gov/CC/index.php/transportation,,,,,
Center for Elders' Independence,,,,,,,,,,Oakland,Alameda,,https://cei.elders.org/,,,,,
Chemehuevi Indian Tribe,,,,,,,,,,Havasu Lake,San Bernardino,,http://www.chemehuevi.net,,,,,
Greyhound,,,,,,,,,,Intercity,"San Bernardino, Kern, Butte, Stanislaus, Fresno, Santa Clara, Alameda, Riverside, San Joaquin, Madera, Merced, San Luis Obispo, Shasta, Placer, Sacramento, Monterey, Marin, Santa Barbara, Los Angeles, Solano, San Francisco, Nevada, Tulare, San Diego",,http://www.autobusesamericanos.us/,,,,,
Marguerite Shuttle,,,,,,,,Free,,Stanford,Santa Clara,,http://transportation.stanford.edu/marguerite/,"https://transportation.stanford.edu/marguerite/about-the-marguerite#:~:text=Marguerite%20is%20free%20and%20open,year%20(except%20university%20holidays).",https://transitfeeds.com/p/stanford-marguerite-shuttle/736/latest/download,,,
Santa Barbara Metropolitan Transit District,90020,0,93,0,6288980,0,6990789,Flat,"cash, card",Santa Barbara,Santa Barbara,UCSB & SBCC students with IDs,http://www.sbmtd.gov/,https://sbmtd.gov/fares-passes/,http://sbmtd.gov/google_transit/feed.zip,,,
Santa Cruz Metropolitan Transit District,90006,105,210,72209,5048512,287363,9469559,Network,"cash, card, check",Santa Cruz,Santa Cruz,"Amtrak,VTA Light Rail Transfer, UCSC student ID ",http://www.scmtd.com/,https://www.scmtd.com/en/fares,http://scmtd.com/google_transit/google_transit.zip,,,
Tri-Valley Wheels,90144,62,62,48872,1647002,217184,2141469,Network,"cash, card, benefit",Livermore,Alameda,,http://www.wheelsbus.com/,https://www.wheelsbus.com/fares/,https://www.wheelsbus.com/about/developers/,,,
Big Valley 50 Plus,,,,,,,,,,Bieber,Lassen,,https://www.bigvalley50plus.com/,,,,,
Foothill Gold Line,,,,,,,,,,Monrovia,"Los Angeles, San Bernardino",,https://foothillgoldline.org/,,,,,
Mobility Matters,,,,,,,,,,Lafayette,Contra Costa,,https://www.mobilitymatterscc.com/,,,,,
Blue and Gold Fleet,,,,,,,,Network,,San Francisco,"Marin, San Francisco",,https://www.blueandgoldfleet.com/,https://tickets.blueandgoldfleet.com/webstore/landingPage?CG=BGFTKTGP&C=ANGTKTS,https://transitfeeds.com/p/blue-gold-fleet/824,,,
San Francisco Municipal Transportation Agency,90015,1014,5070,445651,224610591,1227070,202279969,,,San Francisco,San Francisco,,http://www.sfmta.com/,,https://transitfeeds.com/p/sfmta/60/latest/download,,,
Artesia Express Dial-A-Ride,90300,5,0,9753,0,0,0,,,Artesia,Los Angeles,,http://www.cityofartesia.us/index.aspx?nid=189,,,,,
Redwood Coast Transit,9R02-91097,8,8,7656,91172,12058,127272,Network,cash,Crescent City,Del Norte,,http://www.redwoodcoasttransit.org/,http://redwoodcoasttransit.org/fares/,http://data.trilliumtransit.com/gtfs/delnorte-ca-us/delnorte-ca-us.zip,,,
Plumas Transit Systems,9R02-91119,0,8,0,37994,0,112493,Flat,cash,Quincy,Plumas,,https://www.plumastransit.com/,https://www.plumastransit.com/fares.html,http://data.trilliumtransit.com/gtfs/plumas-ca-us/plumas-ca-us.zip,,,
"Asian Community Center of Sacramento Valley, Inc. DBA ACC Senior Services",,,,,,,,,,Sacramento,Sacramento,,https://www.accsv.org/,,,,,
Mission City Transit,,,,,,,,,,San Fernando,Los Angeles,,http://ci.san-fernando.ca.us/recreation-community-services/programs/mission-city-transit/,,,,,
South Pasadena Dial-A-Ride,90292,5,0,9703,0,4419,0,,,South Pasadena,Los Angeles,,http://www.southpasadenaca.gov/index.aspx?page=104,,,,,
Paramount Transportation,,,,,,,,,,Paramount,San Diego,,http://www.paramountcity.com/community/transit-services,,,,,
Needles Area Transit,9R02-91020,0,1,0,23780,0,36342,Flat,cash,Needles,San Bernardino,,http://www.cityofneedles.com/transit/,https://cityofneedles.com/transit/,http://data.trilliumtransit.com/gtfs/needles-ca-us/needles-ca-us.zip,,,
Victor Valley Transit,90148,302,604,182765,1515594,544512,2217087,Network,"cash, card",Hesperia,San Bernardino,,http://www.vvta.org/,https://vvta.org/fares/,http://data.trilliumtransit.com/gtfs/victorville-ca-us/victorville-ca-us.zip,,,
Pleasanton Paratransit Service,,,,,,,,,,Pleasanton,Alameda,,https://www.cityofpleasantonca.gov/gov/depts/cs/senior/transit.asp,,,,,
Saratoga Area Senior Coordinating Council,,,,,,,,,,Saratoga,"Santa Clara, San Mateo",,https://www.sascc.org/,,,,,
Forest Folk Incorporated,,,,,,,,,,Idyllwild,Riverside,,https://forestfolk.org/,,,,,
Modesto Area Express,90007,126,63,97889,2589049,285085,2512594,Flat,,Modesto,"Stanislaus, Alameda, San Joaquin",,http://www.modestoareaexpress.com/,https://www.modestoareaexpress.com/320/MAX-Bus-Cash-Fares,http://data.trilliumtransit.com/gtfs/modesto-ca-us/modesto-ca-us.zip,,https://transitfeeds.com/p/modesto-area-express/928,
Gold Country Stage,9R02-91095,0,10,0,239520,0,307825,Network,"cash, check",Nevada City,Nevada,,https://www.mynevadacounty.com/2257/Transit-Services,https://www.mynevadacounty.com/2259/Fares-and-Passes,http://data.trilliumtransit.com/gtfs/goldcountrystage-ca-us,,,
Chumash Casino Shuttle Bus,,,,,,,,,,Chumash,Santa Barbara,,https://chumashcasino.com/shuttle-schedule,,,,,
"Ukiah Senior Center, Inc.",,,,,,,,,,Ukiah,Mendocino,,https://www.ukiahseniorcenter.org/,,,,,
Caltrain,90134,0,282,0,19088504,0,97050195,,"cash, credit",San Carlos,San Mateo,,http://www.caltrain.com/,,http://data.trilliumtransit.com/gtfs/caltrain-ca-us/caltrain-ca-us.zip,,,
Tahoe Truckee Area Regional Transportation,,,,,,,,Free,,Truckee,"Nevada, Placer",,https://tahoetruckeetransit.com/,https://www.placer.ca.gov/2027/Fares,http://data.trilliumtransit.com/gtfs/laketahoe-ca-us/laketahoe-ca-us.zip,,,
"Paratransit, Inc.",90223,411,0,413386,0,1858768,0,,,Sacramento,"Sacramento, Stanislaus",,http://www.paratransit.org/,,,,,
Santa Fe Springs Transit,90290,2,0,6483,0,0,0,,,Santa Fe Springs,Los Angeles,,https://www.santafesprings.org/cityhall/transportation_services/default.asp,,,,,
Santa Clara Valley Transportation Authority,90013,1284,1926,530726,36980442,2043734,34510575,,"cash, card, benefit",San Jose,"Santa Clara, Contra Costa",,http://www.vta.org/,,http://www.vta.org/sfc/servlet.shepherd/document/download/069A0000001NUea,,,https://transitfeeds.com/p/vta/932
Becoming Independent,,,,,,,,,,Santa Rosa,Sonoma,,https://becomingindependent.org/,,,,,
TRACER,90197,13,13,19188,148514,27287,89096,Flat,"cash, check",Tracy,San Joaquin,,https://www.ci.tracy.ca.us/?navid=193,https://www.ci.tracy.ca.us/documents/Fixed_Route_Info_English.pdf,,,,
San Clemente Trolley,,,,,,,,Free,,San Clemente,Orange,,https://www.san-clemente.org/recreation-community/beaches/san-clemente-trolley,"https://www.san-clemente.org/i-am-a-/visitor/san-clemente-trolley#:~:text=The%20trolleys%20are%20free%20to,stop%20about%20every%2015%20minutes.",,,,
Trinity Transit,9R02-91035,0,4,0,14048,0,62093,Network,,Weaverville,Trinity,,http://trinitytransit.org/,http://trinitytransit.org/fares/,http://data.trilliumtransit.com/gtfs/trinity-ca-us/trinity-ca-us.zip,,,
Shasta Regional Transit Agency,,,,,,,,,,Redding,Shasta,,https://www.srta.ca.gov/,,,,,
El Monte Transportation Division,90265,26,26,23257,536032,10839,186492,Flat,cash,El Monte,Los Angeles,,http://www.ci.el-monte.ca.us/Government/PublicWorks/Transportation.aspx,https://www.ci.el-monte.ca.us/326/Transportation-Division,http://data.trilliumtransit.com/gtfs/elmonte-ca-us/elmonte-ca-us.zip,,,
El Concilio,,,,,,,,,,Stockton,San Joaquin,,https://www.elconcilio.org/,,,,,
American Cancer Society,,,,,,,,,,n/a,All counties,,https://www.cancer.org/,,,,,
Cambria Community Council,,,,,,,,,,Cambria,San Luis Obispo,,https://cambriacommunitycouncil.org/,,,,,
Manteca Transit,90217,5,5,11966,49713,23090,29320,Flat,,Manteca,San Joaquin,,http://www.ci.manteca.ca.us/PublicWorks/MantecaTransit/Pages/default.aspx,https://www.ci.manteca.ca.us/CommunityDevelopment/MantecaTransit/Pages/FixedRouteService.aspx,https://www.ci.manteca.ca.us/mantecatransit/googletransit/google_transit.zip,,,
Riverside County Transportation Commission,,,,,,,,,,Riverside,Riverside,,http://www.rctc.org/,,,,,
Glendora Transportation Division,90266,13,13,26026,36447,19145,27598,Flat,cash,Glendora,Los Angeles,,http://www.cityofglendora.org/transportation,https://www.cityofglendora.org/departments-services/transportation,,,,
Chowchilla Area Transit,9R02-91071,2,0,15337,0,20489,0,,,Chowchilla,Madera,,https://cityofchowchilla.org/223/Chowchilla-Area-Transit-CATX,,,,,
Whittier Dial-A-Ride,90295,12,0,66420,0,27225,0,,,Whittier,Los Angeles,,https://www.whittierprcs.org/transit/dial-a-ride-and-dar-plus,,,,,
Bear Transit,,,,,,,,Network,,Berkeley,Alameda,Bear Transit Shuttle Pass; Cal 1 Card ID; EasyPass; Emeriti ID,https://pt.berkeley.edu/transportation-options/campus-shuttles,https://pt.berkeley.edu/BearTransit,,,,
Ontario International Airport,,,,,,,,,,Ontario,San Bernardino,,https://www.flyontario.com/,,,,,
Riverside Special Transportation,90086,27,0,153559,0,442655,0,,,Riverside,Riverside,,https://www.riversideca.gov/park_rec/programs-sports/seniors/special-transportation-seniors-and-disabled,,,,,
San Diego Association of Governments,,,,,,,,,,San Diego,San Diego,,http://www.sandag.org/,,,,,
Avalon Transit,90249,4,4,4139,43626,10068,90079,Flat,cash,Avalon,Los Angeles,,http://www.cityofavalon.com/content/3310/5078/default.aspx,http://www.cityofavalon.com/transit,http://data.trilliumtransit.com/gtfs/avalon-ca-us/avalon-ca-us.zip,,,
Mountain Shadows Support Group,,,,,,,,,,San Marcos,San Diego,,https://mtnshadows.org/,,,,,
McFarland City Transit Bus,9R02-91110,2,0,11880,0,15037,0,,,McFarland,Kern,,https://www.mcfarlandcity.org/269/Transportation,,,,,
Alhambra Community Transit,90247,15,15,37869,444146,0,103470,Flat,cash,Alhambra,Los Angeles,,https://www.cityofalhambra.org/resources/public-transportation,https://www.cityofalhambra.org/resources/public-transportation,,,,
Butte County Association of Governments,90208,48,48,168449,1079218,377085,1241356,,,Chico,Butte,,http://www.bcag.org/,,,,,
Reach Out Morongo Basin,,,,,,,,,,Twentynine Palms,San Bernardino,,http://reachoutmb.org/,,,,,
Tuolumne County Transit,9R02-91057,20,20,35198,67126,94379,101826,Flat,,Sonora,Tuolumne,,http://www.tuolumnecountytransit.com/,"https://www.tuolumnecounty.ca.gov/DocumentCenter/View/996/Transit-Riders-Guide?bidId=#:~:text=The%20Regular%20Fixed%20Route%20fare,for%20Dial-A-Ride.",,,,
Arvin Transit,9R02-91027,6,6,8412,72194,6628,76392,Flat,cash,Arvin,Kern,,https://www.arvin.org/government/transportation/,"https://www.arvin.org/202/Routes-Schedules-Fares#:~:text=General%20Public%3A%20%241.50,60%20and%20above)%3A%20%241",,,,
"Coastal Seniors, Inc.",,,,,,,,,,Point Arena,Mendocino County,,https://www.coastalseniors.org/,,,,,
Shores of Hope,,,,,,,,,,West Sacramento,Sacramento,,http://shoresofhope.org/index.html,,,,,
City of Tustin,,,,,,,,,,Tustin,Orange,,https://www.tustinca.org/,,,,,
City of Alameda,,,,,,,,,,Alameda,Alameda,,https://www.alamedaca.gov/,,,,,
Antelope Valley Transit Authority,90121,74,148,46745,2442282,115050,4866537,Flat,"cash, card",Lancaster,Los Angeles,,http://www.avta.com/,https://www.avta.com/local-transit-fares-passes.php,,,,
Torrance Transit System,90010,84,84,63539,3712548,102590,2442015,Network,"cash, card",Torrance,Los Angeles,,http://Transit.TorranceCA.Gov/,https://transit.torranceca.gov/fares,https://transit.torranceca.gov/home/showdocument?id=16673,,,
San Bernardino County Transportation Authority,,,,,,,,,,San Bernardino,San Bernardino,,http://gosbcta.com/,,,,,
Peninsula Jewish Community Center,,,,,,,,,,Foster City,San Mateo,,https://pjcc.org/,,,,,
Imperial Valley Transit,90226,28,28,37585,774947,102122,634555,Flat,,El Centro,Imperial,,http://www.ivtransit.com/,https://www.ivtransit.com/rider-information/fares,,,,
Amtrak,,,,,,,,,,Sacramento,"Sacramento, Orange, Contra Costa, Placer, Kern, San Bernardino, Alameda, Los Angeles, Ventura, Santa Barbara, Butte, Kings, Yolo, Siskiyou, Solano, Fresno, San Luis Obispo, San Joaquin, Madera, Merced, Stanislaus, San Diego, Riverside, Shasta, Monterey, Nevada, ",,http://www.amtrak.com/home,,,,,
Arcata & Mad River Transit System,9R02-91018,0,3,0,215244,0,230941,,,Arcata,Humboldt,,https://hta.org/agencies/arcata-and-mad-river/,,http://data.trilliumtransit.com/gtfs/humboldtcounty-ca-us/humboldtcounty-ca-us.zip,,,
Tehama Rural Area eXpress,9R02-91089,12,12,16281,76595,33363,72827,Flat,,Red Bluff,Tehama,,http://www.taketrax.com/,http://www.taketrax.com/,http://data.trilliumtransit.com/gtfs/tehama-ca-us/tehama-ca-us.zip,,,
e-Tran,90205,54,108,20784,762785,99703,1219446,Flat,,Elk Grove,Sacramento,RT Passes,http://www.e-tran.org/,https://www.elkgrovecity.org/residents/transportation/transit_e-tran/fares,https://share.elkgrovecity.org/messages/tpLyuetXMvzjM8oongDM5C/attachments/LbeTBVJuC2Eh3QPKIH6k7R/download/ETRAN_GTFS_20180705.zip,,,
Glenn Transit Service,9R02-91088,4,4,2076,38064,6547,79634,Network,cash,Willows,Glenn,,https://www.countyofglenn.net/dept/public-works/public-transit-transportation/welcome,http://glenncounty.granicus.com/MetaViewer.php?view_id=8&clip_id=1538&meta_id=138290,,,,
Victor Valley Community Services Council,,,,,,,,,,Victorville,San Bernadino,,http://vvcsc.com,,,,,
City of Lompoc Transit,90149,23,46,8863,163725,26280,574285,Network,"cash, check",Lompoc,Santa Barbara,,http://www.cityoflompoc.com/transit/,https://www.cityoflompoc.com/government/departments/public-works/transportation/city-of-lompoc-transit,,,,
Madera County Connection,9R02-91005,6,6,4504,26532,8713,43170,Flat,cash,Madera,Madera,,http://mcctransit.com/,https://mcctransit.com/fares-and-passes/,http://data.trilliumtransit.com/gtfs/maderactc-ca-us/maderactc-ca-us.zip,,,
Marin Airporter,,,,,,,,,,San Rafael,Marin,,http://www.marinairporter.com/,,,,,
Monument Community Shuttle,,,,,,,,Suspended,,Concord,Contra Costa,,http://monumentimpact.org/en/resident-engagement/monument-community-shuttle/,https://monumentimpact.org/en/resident-engagement/monument-community-shuttle/,,,,
Cuyama Transit,,,,,,,,,,Cuyama,Santa Barbara,,https://www.transit.wiki/Cuyama_Transit,,,,,
Burney Express,9R02-99438,0,0,0,0,0,0,Network,,Redding,Shasta,,https://www.cityofredding.org/departments/redding-area-bus-authority/services/burney-express,https://www.cityofredding.org/departments/redding-area-bus-authority/services/burney-express,http://data.trilliumtransit.com/gtfs/redding-ca-us/redding-ca-us.zip,,,
Baldwin Park Transit,90251,6,6,13559,112340,3921,61946,Flat,"cash, check",Baldwin Park,Los Angeles,,https://www.baldwinpark.com/public-transit,https://www.baldwinpark.com/public-transit,,,,
the Link-Athens,90269,0,1,0,67608,0,8994,Flat,cash,Alhambra,Los Angeles,"DASH,Metro,GTrans, Torrance Transit",https://dpw.lacounty.gov/transit/TheLinkAthens.aspx,"https://pw.lacounty.gov/transit/TheLinkAthens.aspx#:~:text=General%20fare%20is%2025%20cents,30-day%20and%20EZ%20passes.",http://data.trilliumtransit.com/gtfs/dpwlacounty-ca-us/dpwlacounty-ca-us.zip,,,
Cerritos on Wheels,90259,16,16,20336,116685,20637,56390,Flat,"cash, card",Cerritos,Los Angeles,,http://www.cerritos.us/RESIDENTS/transportation.php,http://www.cerritos.us/RESIDENTS/transportation/cow.php,,,,
San Joaquin Valley Regional Planning Agencies Policy Council,,,,,,,,,,Madera,"San Joaquin, Fresno, Kern, Kings, Madera, Merced, Stanislaus, Tulare",,http://sjvcogs.org,,,,,
Compton Renaissance Transit Service,90260,7,7,5972,80900,1985,44379,Flat,cash,Compton,Los Angeles,,http://www.comptoncity.org/visitors/cpttrans.asp,http://www.comptoncity.org/depts/parks/seniors/transit.asp,,,,
The Arc of Amador and Calaveras,,,,,,,,,,Sutter Creek,"Amador, Calaveras",,http://arcofamador.org/,,,,,
Orange County Transportation Authority,90036,2990,5980,1647378,39272746,7140938,41916868,Flat,"cash, card",Orange,Orange,,http://www.octa.net/,https://www.octa.net/Bus/Fares-and-Passes/Regular-Fares/,https://octa.net/current/google_transit.zip,http://api.octa.net/GTFSRealTime/protoBuf/servicealerts.aspx,http://api.octa.net/GTFSRealTime/protoBuf/tripupdates.aspx,http://api.octa.net/GTFSRealTime/protoBuf/VehiclePositions.aspx
La Canada Flintridge Shuttle & Dial-a-Ride,,,,,,,,,,La Canada Flintridge,Los Angeles,,https://cityoflcf.org/live-well/transportation/,,,,,
Dumbarton Express,,,,,,,,,,Oakland,"Alameda, San Mateo, Santa Clara",,https://dumbartonexpress.com/,,,,,
Dana Point Trolley,,,,,,,,Free,,Dana Point,Orange,,https://visitdanapoint.com/dana-point-trolley/,"https://danapointchamber.com/dana-point-trolley/#:~:text=The%20trolleys%20are%20free%20to,Harbor%20and%20Doheny%20State%20Beach.",,,,
La Puente LINK,,,,,,,,Flat,,La Puente,Los Angeles,"MTA/EZ,Foothill Transit",http://www.lapuente.org/how-do-i-/find/transit-services,"https://lapuente.org/how-do-i/find/transit-services/#:~:text=The%20La%20Puente%20LINK%20Shuttle,cents%20for%20seniors%20and%20disabled.",,,,
Walnut Way Dial-a-Cab,,,,,,,,,,Walnut,Los Angeles,,http://www.cityofwalnut.org/for-residents/community-resources/transportation/dial-a-cab,,,,,
the Link King Medical Center,90274,0,2,0,71835,0,0,Flat,,Alhambra,Los Angeles,"DASH,Metro, Gtrans,Compton Renaissance",https://dpw.lacounty.gov/transit/TheLinkKingMedical.aspx,https://pw.lacounty.gov/transit/TheLinkKingMedical.aspx,http://data.trilliumtransit.com/gtfs/dpwlacounty-ca-us/dpwlacounty-ca-us.zip,,,
North and South of Market Adult Day Health,,,,,,,,,,San Francisco,San Francisco,,https://www.steppingstonehealth.org/,,,,,
Taft Area Transit,9R02-91066,4,0,33734,0,50079,0,Flat,,Taft,Kern,,http://www.cityoftaft.org/pView.aspx?id=5385&catid=562,https://www.cityoftaft.org/pview.aspx?id=5385&catid=563,,,,
Ceres Area Transit,,,,,,,,Flat,,Ceres,Stanislaus,,http://www.ci.ceres.ca.us/296/Transportation,https://www.ci.ceres.ca.us/224/Fares,http://data.trilliumtransit.com/gtfs/stanislaus-ca-us/stanislaus-ca-us.zip,,,
Fairfield and Suisun Transit,90092,43,86,25324,963958,112786,2089638,,"cash, card",Fairfield,Solano,,https://fasttransit.org/,,http://data.trilliumtransit.com/gtfs/fairfield-ca-us/fairfield-ca-us.zip,,,
Disneyland Resort Express,,,,,,,,,,Anaheim,Orange,,https://dre.coachusa.com/,,,,,
"United Cerebral Palsy Association of Greater Sacramento, Inc.",,,,,,,,,,Sacramento,Sacramento,,https://ucpsacto.org/,,,,,
Outreach & Escort Inc. (OUTREACH),,,,,,,,,,Milpitas,Santa Clara,,http://www.outreach1.org/,,,,,
Marin Transit,90234,85,85,98068,3001619,150727,3227240,,"cash, card, benefit",San Rafael,Marin,,http://marintransit.org/,,http://marintransit.org/data/google_transit.zip,,,
Paso Express,90194,3,0,12826,0,37499,0,Flat,,San Luis Obispo,San Luis Obispo,,http://www.slorta.org/schedules-fares/paso-express/,http://www.slorta.org/schedules-fares/,https://transitfeeds.com/p/san-luis-obispo-rta/710,,,
"Heart of the Valley, SERVICES FOR SENIORS, Inc.",,,,,,,,,,Santa Clara,Santa Clara,,https://servicesforseniors.org/,,,,,
Northern Inyo Healthcare District,,,,,,,,,,Bishop,Inyo,,https://www.nihdfoundation.org/,,,,,
Tulare County Area Transit,9R02-91055,24,24,7669,289574,8321,333523,Flat,,Visalia,Tulare,,https://tularecounty.ca.gov/rma/index.cfm/tulare-county-area-transit-tcat/,https://ridetcat.org/fares/,http://data.trilliumtransit.com/gtfs/tcat-flex-ca-us,,,
Gold Coast Transit,90035,72,72,114229,3474161,303830,2808293,Flat,"cash, card",Oxnard,Ventura,,http://www.goldcoasttransit.org/,https://www.goldcoasttransit.org/fares,http://www.goldcoasttransit.org/images/GTFS/GTFS.zip,,,
Riverside Transit Agency,90031,586,1172,415902,8167508,1505152,9207788,Flat,"cash, card",Riverside,Riverside,,http://www.riversidetransit.com/,https://www.riversidetransit.com/index.php/pass-fares-types,https://www.riversidetransit.com/google_transit.zip,https://rtabus.com/gtfsrt/alerts,https://rtabus.com/gtfsrt/trips,https://rtabus.com/gtfsrt/vehicles
El Dorado Transit,90229,34,68,48659,323385,516075,1001794,Network,,Diamond Springs,El Dorado,,http://www.eldoradotransit.com/,https://eldoradotransit.com/faresandpasses/,http://data.trilliumtransit.com/gtfs/eldoradotransit-ca-us/eldoradotransit-ca-us.zip,,,
Lake Forest Senior Transportation,,,,,,,,,,Lake Forest,Orange,,http://www.lakeforestca.gov/173/Senior-Transportation,,,,,
MVGO,,,,,,,,Network,,Mountain View,Santa Clara,,http://www.mvgo.org/,https://mvgo.org/programs/,http://data.trilliumtransit.com/gtfs/mountainview-ca-us/mountainview-ca-us.zip,,,
Morongo Basin Transit Authority,9R02-91090,19,38,18543,264464,37845,344801,Network,,Joshua Tree,San Bernardino,,http://www.mbtabus.com,https://mbtabus.com/fares/,http://data.trilliumtransit.com/gtfs/morongobasin-ca-us/morongobasin-ca-us.zip,,,
DASH Transit,90301,14,0,15614,0,0,0,,,Lakewood,Los Angeles,,https://www.lakewoodcity.org/services/human/transit.asp,,,,,
Dinuba Area Regional Transit,9R02-91040,6,6,16645,19520,21076,54378,,,Dinuba,Tulare,,http://www.dinuba.org/services/public-services/public-transit,,,,,
United Cerebral Palsy San Luis Obispo - Ride On,,,,,,,,,,San Luis Obispo ,San Luis Obispo ,,http://ucp-slo.org/,,,,,
Access Services,90157,2288,0,4383256,0,9846059,0,,,El Monte,Los Angeles,,http://accessla.org/home/,,,,,
Union City Transit,90161,18,18,18028,277717,45616,283762,,cash,Union City,Alameda,,http://www.uctransit.org/,,,,,
Fallbrook Healthcare Foundation,,,,,,,,,,San Diego,San Diego,,https://foundationforseniorcare.org/,,,,,
Westminster on Wheels Senior Transportation Program,,,,,,,,,,Westminster,Orange,,http://www.ci.westminster.ca.us/depts/cs/senior/transportation.asp,,,,,
LIFE ElderCare,,,,,,,,,,Fremont,Alameda,,https://lifeeldercare.org/,,,,,
North Valley Services,,,,,,,,,,Red Bluff,"Tehama, Glenn, Lassen",,https://www.northvalleyservices.org/,,,,,
Yorba Linda Taking Retired Adults Into Local Services,,,,,,,,,,Yorba Linda,Orange,,https://www.yorbalindaca.gov/391/Senior-Mobility-ProgramTRAILS,,,,,
Clovis Transit System,,,,,,,,Free,,Clovis,Fresno,,https://cityofclovis.com/general-services/transit/,https://cityofclovis.com/general-services/transit/,http://data.trilliumtransit.com/gtfs/clovistransit-ca-us/clovistransit-ca-us.zip,,,
Pomona Valley Transportation Authority,99425,74,0,164482,0,226207,0,,,La Verne,Los Angeles,,http://www.pvtrans.org/,,,,,
Azusa Transit,90250,6,0,35321,0,14875,0,,,Azusa,Los Angeles,,https://www.ci.azusa.ca.us/329/Azusa-Transit,,,,,
Cypress Transportation,,,,,,,,,,Cypress,Orange,,https://www.cypressca.org/government/departments/recreation-community-services/senior-center/transportation,,,,,
Vacaville City Coach,90155,15,15,15527,405254,31395,344352,,"cash, card, benefit",Vacaville,Solano,,http://www.citycoach.com/,,http://data.trilliumtransit.com/gtfs/vacavillecitycoach-ca-us/vacavillecitycoach-ca-us.zip,,,
Beverly Hills,90255,4,0,11012,0,0,0,,,Beverly Hills,Los Angeles,,http://www.beverlyhills.org/living/transportation/,,,,,
"Drivers for Survivors, Inc.",,,,,,,,,,Freemont,Alameda,,https://driversforsurvivors.org/,,,,,
El Segundo Lunchtime Shuttle,,,,,,,,Flat,,El Segundo,Los Angeles,"Metro, Beach Cities Transit",http://www.elsegundo.org/depts/recreation/brochure_and_programs/shuttle_services.asp,https://www.elsegundorecparks.org/programs-services/transportation,,,,
Norwalk Transit System,90022,29,29,22344,1461068,17337,1219874,Flat,"cash, card",Norwalk,Los Angeles,,https://www.norwalk.org/city-hall/departments/norwalk-transit-system-nts,https://www.norwalk.org/city-hall/departments/norwalk-transit-system-nts/fares-schedules,http://data.trilliumtransit.com/gtfs/nts-ca-us/nts-ca-us.zip,,,
Catholic Charities of the Diocese of Stockton,,,,,,,,,,Stockton,San Joaquin,,https://www.ccstockton.org/,,,,,
Hi-Desert Memorial Health Care District,,,,,,,,,,Yucca Valley,San Bernardino,,https://www.mbhdistrict.org/,,,,,
Montebello Bus Lines,90041,107,214,77152,5699406,24658,4279124,Flat,"cash, card",Montebello,Los Angeles,joined Metro's Rider Relief Transportation Program,http://www.ridembl.com/,http://www.ridembl.com/LIFE-Program,,,,
Colusa County Transit Agency,9R02-91112,6,0,43228,0,93844,0,,,Colusa,Colusa,,http://www.countyofcolusa.org/transit,,,,,
"Easy Lift Transportation, Inc.",,,,,,,,,,Goleta,Santa Barbara,,https://www.easylift.org/,,,,,
St. Madeleine Sophie's Center,,,,,,,,,,El Cajon,San Diego,,https://stmsc.org/,,,,,
San Juan Capistrano Free Weekend Trolley,,,,,,,,Free,,San Juan Capistrano,Orange,,https://sanjuancapistrano.org/Visitor-Information/Trolley-Service,https://sanjuancapistrano.org/Visitor-Information/Trolley-Service,,,,
Camping Unlimited for Developmentally Disabled,,,,,,,,,,Boulder Creek,Santa Cruz,,https://campingunlimited.org/,,,,,
Norman Y. Mineta San Jose International Airport,,,,,,,,,,San Jose,Santa Clara,,https://www.flysanjose.com/,,,,,
Angel Island-Tiburon Ferry Company,,,,,,,,,"cash, check",Tiburon,Marin,,https://angelislandferry.com/,,,,,
Foothill Transit,90146,0,296,0,12543650,0,16343392,Flat,"cash, card",West Covina,Los Angeles,,http://www.foothilltransit.org/,http://foothilltransit.org/fares/fares-and-passes/,http://foothilltransit.org/about/developer-resources/gtfs/,,,
Santa Barbara County Association of Governments,,,,,,,,,,Santa Barbara,Santa Barbara,,http://www.sbcag.org/,,,,,
South County Transit Link,9R02-90216,13,26,40575,63417,70707,167118,Network,cash,Galt,"Sacramento, San Joaquin","RTA, Paso Express",http://www.sctlink.com/,http://www.slorta.org/passes/,,,,
Delano Area Rapid Transit,90238,9,18,11371,90308,75245,76434,Flat,cash,Delano,Kern,,https://www.cityofdelano.org/92/Delano-Area-Rapid-Transit-DART,https://www.cityofdelano.org/277/Fares-Tickets-Passes-Transfers,,,,
Bakersfield Airport Valet Express,,,,,,,,,,Bakersfield,Kern,,http://www.airportvaletexpress.com/,,https://transitfeeds.com/p/airport-valet-express/773/latest/download,,,
People Services,,,,,,,,,,Lakeport,Lake,,http://www.peopleservices.org/,,,,,
Irvine Shuttle,,,,,,,,Flat,,Irvine,Orange,Orange County Transportation Authority,https://www.cityofirvine.org/public-works-department/irvine-shuttle,https://www.cityofirvine.org/public-works-department/irvine-shuttle,https://octa.net/current/google_transit.zip,,,
Orange Belt Stages,,,,,,,,,,Visalia,"Tulare, Fresno, Kern, San Luis Obispo, Merced",,http://www.orangebelt.com/,,,,,
Yuba-Sutter Transit Authority,90061,34,68,72073,950563,131685,1069858,Network,"cash, card",Marysville,"Yuba, Sutter",,http://www.yubasuttertransit.com/,https://www.yubasuttertransit.com/fares,http://data.trilliumtransit.com/gtfs/yubasutter-ca-us/yubasutter-ca-us.zip,,,
the Link Lennox,90275,0,1,0,84218,0,13611,Flat,cash,Alhambra,Los Angeles,"DASH,Metro, Inglewood I-Line Troll",https://dpw.lacounty.gov/transit/TheLinkLennox.aspx,https://pw.lacounty.gov/transit/TheLinkLennox.aspx,http://data.trilliumtransit.com/gtfs/dpwlacounty-ca-us/dpwlacounty-ca-us.zip,,,
Maywood Dial-A-Ride,90284,5,5,5955,98112,5955,0,,,Maywood,Los Angeles,,https://www.cityofmaywood.com/dial-a-ride,,,,,
Seal Beach Senior Bus Program,,,,,,,,,,Seal Beach,Orange,,http://www.sealbeachca.gov/City-Services/Transportation-Services,,,,,
SLO Transit,90156,0,12,0,945288,0,771861,Flat,cash,San Luis Obispo,San Luis Obispo,,https://www.slocity.org/government/department-directory/public-works/slo-transit,http://www.slorta.org/schedules-fares/,http://app.mecatran.com/urb/ws/feed/c2l0ZT1zbG90cmFuc2l0O2NsaWVudD1zZWxmO2V4cGlyZT07dHlwZT1ndGZzO2tleT0zZTMwMzM1OTRiMTE2NzA0N2IxNjQwNjA0ZjQwMGMzMzdiM2E1MTQ0,,,
Huntington Park Express,,,,,,,,Flat,,Huntington Park,Los Angeles,,https://www.hpca.gov/232/HP-Express,https://www.transit.wiki/Huntington_Park_COMBI,,,,
Manhattan Beach Dial-A-Ride,90283,4,0,25963,0,6413,0,,,Manhattan Beach,Los Angeles,,https://www.citymb.info/visitors/maps-and-directions/public-transportation,,,,,
Calaveras Transit,9R02-91063,0,11,0,39188,0,87175,Flat,"cash, card",San Andreas,Calaveras,,http://calaverastransit.com/,http://www.calaverastransit.com/fares/,http://data.trilliumtransit.com/gtfs/calaveras-ca-us/calaveras-ca-us.zip,,,
Amador Regional Transit System,9R02-91000,11,22,23373,48951,27973,86659,Network,cash,Jackson,Amador,,http://amadortransit.com/,https://amadortransit.com/fares/,http://data.trilliumtransit.com/gtfs/amador-ca-us/amador-ca-us.zip,,,
Guadalupe Flyer,9R02-91043,3,3,1405,84655,4191,67337,Flat,cash,Guadalupe,Santa Barbara,,https://www.smoothinc.org/guadalupe-flyer.php,https://www.smoothinc.org/guadalupe-flyer.php,,,,
GET Bus,90004,87,87,58241,6377043,156246,4319308,Network,"cash, card",Bakersfield,Kern,,http://www.getbus.org/,https://www.getbus.org/fares-and-passes/,http://eta.getbus.org/rtt/public/utility/gtfs.aspx,,,
SolanoExpress,,,,,,,,Network,,Suisun City,Solano,,https://www.solanoexpress.com/,https://fasttransit.org/schedules-maps/solanoexpress-intercity-routes/,http://data.trilliumtransit.com/gtfs/soltrans-ca-us/soltrans-ca-us.zip,,,
Klamath Trinity Non-Emergency Transportation,,,,,,,,Flat,,Willow Creek,"Humboldt, Trinity",,http://www.ktnet.org/,http://www.ktnet.org/Services.html,,,,
Yuma County Area Transit,,,,,,,,Flat,,Yuma (AZ),"Yuma, Imperial",,https://www.ycipta.org/,https://www.ycipta.org/ycat-fares.html,https://www.ycipta.org/gtfs/google_transit.zip,,,
Metrolink,90151,0,195,0,14190870,0,82698139,Network,"cash, card",Los Angeles,Los Angeles,,http://www.metrolinktrains.com/,https://metrolinktrains.com/ticketsOverview/ticket-info/ticket-types/,https://www.metrolinktrains.com/globalassets/about/gtfs/gtfs.zip,,,
County of Ventura,90298,0,4,0,79613,0,0,,,Ventura,Camarillo,,https://www.ventura.org/visitors/transportation/,,,,,
La Habra Heights Dial-a-Ride,,,,,,,,,,La Habra Heights,Los Angeles,,https://www.lhhcity.org/196/Transportation,,,,,
Sierra Madre Gateway Coach,,,,,,,,Free,,Sierra Madre,Los Angeles,,http://www.cityofsierramadre.com/services/transportation/gateway_coach,https://www.cityofsierramadre.com/services/transportation/gateway_coach,,,,
Mission Bay TMA,,,,,,,,Network,,San Francisco,San Francisco,,http://missionbaytma.org,https://www.missionbaytma.org/,https://transitfeeds.com/p/mission-bay-tma/952/latest/download,,,
Town of Truckee,9R02-91101,6,6,6198,12920,12168,16680,,,Truckee,Nevada,,https://www.townoftruckee.com/government/engineering-and-public-works/public-transportation,,,,,
Dixon Readi-Ride Transit Services,9R02-91041,10,0,63843,0,111074,0,,,Dixon,Solano,,http://www.ci.dixon.ca.us/,,,,,
Beaumont Pass Transit,,,,,,,,Flat,,Beaumont,Riverside,"RTC WASHOE,BIG BLUE BUS .",https://beaumontca.gov/index.aspx?NID=160,https://tokentransit.com/agency/passtransit,http://data.trilliumtransit.com/gtfs/beaumont-ca-us/beaumont-ca-us.zip,,,
Monrovia Transit Dial-A-Ride,90285,9,0,31362,0,24310,0,,,Monrovia,Los Angeles,,https://www.cityofmonrovia.org/your-government/public-works/transportation,,,,,
Milestones of Development INC,,,,,,,,,,Vallejo,Solano,,https://www.milestonesofdevelopment.org/,,,,,
Sage Stage,9R02-91008,3,3,10765,2486,12765,45368,Network,cash,Alturas,Modoc,,http://sagestage.com/,https://sagestage.com/fares/,http://data.trilliumtransit.com/gtfs/sagestage-ca-us/sagestage-ca-us.zip,,,
Ridgerunner,9R02-91006,5,5,2444,9707,4420,28835,,,Ridgecrest,Kern,,https://www.ridgecrest-ca.gov/384/Ridgecrest-Transit-Bus-Schedule,,https://transitfeeds.com/p/kern-transit/401/latest/download,,,
City of Fortuna - Specialized Service,,,,,,,,,,Fortuna,San Bernardino,,https://www.friendlyfortuna.com/,,,,,
"Lodi Memorial Hospital Association, Inc. Adult Day Services",,,,,,,,,,Lodi,San Joaquin,,https://www.adventisthealth.org/lodi-memorial/,,,,,
Pico Rivera Dial-A-Ride,90288,2,0,8166,0,0,0,,,Pico Rivera,Los Angeles,,http://www.pico-rivera.org/depts/parks/programs/senior/transportation.asp,,,,,
South Side Community Connections,,,,,,,,,,Groveland,Tuolumne,,https://southsidecommunityconnections.org/,,,,,
Morro Bay Transit,,,,,,,,Flat,cash,Morro Bay,San Luis Obispo,,https://www.morro-bay.ca.us/293/Transit,http://www.morrobayca.gov/294/Morro-Bay-Transit,http://mjcaction.com/MJC_GTFS_Public/morrobay_google_transit.zip,,,
Petaluma Transit,90213,16,16,17222,323188,43762,218074,,"cash, card, benefit",Petaluma,Sonoma,,http://transit.cityofpetaluma.net/,,http://data.trilliumtransit.com/gtfs/petalumatransit-petaluma-ca-us/petalumatransit-petaluma-ca-us.zip,,,
Agoura Hills Dial-A-Ride,90246,3,0,9014,0,18397,0,,,Agoura Hills,Los Angeles,,http://www.ci.agoura-hills.ca.us/our-city/visitors/alternative-transportation,,,,,
Signal Hill Dial-a-Taxi,,,,,,,,,,Signal Hill,Los Angeles,,https://www.cityofsignalhill.org/260/Dial-a-Taxi-Dial-a-Lift,,,,,
Community Bridges/Liftline,,,,,,,,,,Watsonville,Santa Cruz,,https://communitybridges.org/,,,,,
San Francisco International Airport,,,,,,,,,,South San Francisco,San Mateo,,https://www.flysfo.com/,,,,,
La Campana,90252,14,7,10042,43113,1757,21516,Flat,cash,Bell,Los Angeles,,http://www.cityofbell.org/?NavID=72,https://www.cityofbell.org/?navid=134,,,,
Duarte Transit,90264,0,2,0,164181,0,0,Network,cash,Duarte,Los Angeles,,http://www.accessduarte.com/dept/admin/transit_division/default.htm,http://foothilltransit.org/fares/fares-and-passes/,http://data.trilliumtransit.com/gtfs/duartetransit-ca-us/duartetransit-ca-us.zip,,,
Lassen Transit Service Agency,9R02-91098,5,10,19979,65849,37649,106330,Network,,Susanville,Lassen,,http://lassentransportation.com/ltsa,https://www.transit.wiki/Lassen_Rural_Bus,http://data.trilliumtransit.com/gtfs/tehama-ca-us/tehama-ca-us.zip,,,
Sonoma County Transit,90089,66,66,59214,916541,231932,1699162,,"cash, card",Santa Rosa,Sonoma,,http://www.sctransit.com/,,http://data.trilliumtransit.com/gtfs/sonomacounty-ca-us/sonomacounty-ca-us.zip,,,
Stanislaus Regional Transit,90236,29,58,42755,309935,111981,471133,Flat,"cash, card",Modesto,Stanislaus,,http://www.srt.org/,https://www.srt.org/fares/,http://data.trilliumtransit.com/gtfs/stanislaus-ca-us/stanislaus-ca-us.zip,,,
Ojai Trolley,9R02-91058,0,2,0,88236,0,139740,Flat,cash,Ojai,Ventura,,http://ojaitrolley.com/,https://ojaitrolley.com/services/,,,,
San Joaquin Regional Transit District,90012,92,276,55975,3347552,179272,3188045,Flat,"cash, card",Stockton,San Joaquin,,http://www.sanjoaquinrtd.com/,https://sanjoaquinrtd.com/fares/,http://sanjoaquinrtd.com/RTD-GTFS/RTD-GTFS.zip,,,
Tulare InterModal Express,90244,10,10,17246,288833,41295,229732,Network,cash,Tulare,Tulare,,http://www.ci.tulare.ca.us/local_government/departments/administrative_services/transit.htm/,https://www.tulare.ca.gov/home/showpublisheddocument/2465/635919936636070000,http://www.tularecog.org/googletransit/TIME/google_transit.zip,,,
Santa Maria Area Transit,90087,26,26,26211,685563,15155,767374,Network,,Santa Maria,Santa Barbara,,https://www.cityofsantamaria.org/city-government/departments/public-works-services/public-transit-services-2499,https://www.cityofsantamaria.org/city-government/departments/public-works-services/public-transit-services/transit-fares,http://data.trilliumtransit.com/gtfs/smat-ca-us/smat-ca-us.zip,,,
Tri Delta Transit,90162,78,78,125558,2232469,390382,2270168,,"cash, card, benefit",Antioch,Contra Costa,,http://www.trideltatransit.com/,,http://70.232.147.132/rtt/public/utility/gtfs.aspx,,,
WestCAT,90159,50,100,40481,1167311,60920,2230812,,"cash, card, benefit",Pinole,Contra Costa,,http://www.westcat.org/,,http://data.trilliumtransit.com/gtfs/westcat-ca-us/westcat-ca-us.zip,,,
Karuk Tribe,,,,,,,,,,Orleans,Humboldt,,http://www.karuk.us/index.php/departments/transportation,,,,,
Wasco,9R02-99426,3,0,25597,0,30661,0,,,Wasco,Kern,,http://www.ci.wasco.ca.us/residents/transportation/,,,,,
South County Area Transit,,,,,,,,Flat,,San Luis Obispo,San Luis Obispo,,http://www.slorta.org/about-rta/south-county-transit-sct/,http://www.slorta.org/passes/,https://transitfeeds.com/p/san-luis-obispo-rta/710,,,
Tule River Indian Tribe,,,,,,,,,,Porterville,Tulare,,tulerivertribe-nsn.gov/,,,,,
Yolobus,90090,50,50,24813,1264771,115015,2287229,Network,"cash, card",Woodland,Yolo,"UC Davis, Sacramento State,Los Rios,South Natomas,Sacramento County",http://www.yolobus.com/,https://www.yolobus.com/riderinformation/yolobusfares.php,http://iportal.sacrt.com/GTFS/Yolobus/google_transit.zip,,,
Rio Vista Delta Breeze,9R02-91014,0,3,0,10409,0,34366,,cash,Rio Vista,"Solano, Sacramento, Contra Costa",,http://riovistacity.com/delta-breeze-transit-system/,,http://data.trilliumtransit.com/gtfs/riovista-ca-us/riovista-ca-us.zip,,,
San Leandro LINKS,,,,,,,,Free,,San Leandro,Alameda,,http://sanleandrolinks.com/,http://sanleandrolinks.com/,,,,
Blossom Express,,,,,,,,Flat,cash,Ripon,San Joaquin,,http://www.cityofripon.org/cms/one.aspx?portalId=1080111&pageId=2984496,http://www.cityofripon.org/residents/around_ripon/blossom_express,,,,
Corcoran Area Transit,9R02-91002,6,0,34151,0,94136,0,,,Corcoran,Kings,,http://www.cityofcorcoran.com/cityhall/pw/transit/default.asp,,,,,
LAX FlyAway,,,,,,,,,,Los Angeles,Los Angeles,,http://www.lawa.org/FlyAway/Default.aspx,,,,,
John Wayne Airport,,,,,,,,,,Santa Ana,Orange,,https://www.ocair.com,,,,,
North Fork Rancheria Tribal Transit Program,99364,2,0,3226,0,0,0,,,North Fork,Madera,,http://northforkrancheria-nsn.gov/departments/transportation,,,,,
"Redwood Coast Seniors, Inc.",,,,,,,,,,Fort Bragg,Mendocino,,https://www.rcscenter.org/,,,,,
Coalinga Transit,,,,,,,,,,Coalinga,Fresno,,http://www.coalinga.com/281/Coalinga-Transit,,,,,
West Berkeley Shuttle,,,,,,,,Free,,Berkeley,Alameda,Emeryville TMA,http://westberkeleyshuttle.net/,http://westberkeleyshuttle.net/index.html,,,,
Fremont Paratransit Program,,,,,,,,,,Fremont,Alameda,,https://www.fremont.gov/BusinessDirectoryII.aspx?lngBusinessCategoryID=40,,,,,
Valley Achievement Center,,,,,,,,,,Bakersfield,Kern,,http://autism-vac.org,,,,,
Folsom Stage Line,90220,7,7,13299,76503,0,0,Flat,,Folsom,Sacramento,For all SacRT routes,https://www.folsom.ca.us/public_works/transit/stage_line/default.asp,"https://www.sacrt.com/apps/folsom/#:~:text=The%20Folsom%20Stage%20Line%20Dial,also%20qualify%20for%20this%20program.",http://iportal.sacrt.com/gtfs/FSL/google_transit.zip,,,
Palm Springs Buzz,,,,,,,,Flat,,Palm Springs,Riverside,SunLine,https://www.sunline.org/buzzisback,https://sunline.org/PSBUZZ,,,,
Valley Express,,,,,,,,,,Santa Paula,Ventura,,http://www.valleyexpressbus.org/,,,,,
Atascadero Dial-A-Ride,90194,3,0,12826,0,37499,0,,,Atascadero,San Luis Obispo,,https://atascadero.org/index.php?option=com_content&view=article&id=633&Itemid=1536,,,,,
Whittier Demand Response,90277,10,0,31127,0,14763,0,,,Whittier,Los Angeles,,https://dpw.lacounty.gov/transit/DAR.aspx#pageTitle,,,,,
ElderHelp of San Diego,,,,,,,,,,San Diego,San Diego,,https://www.elderhelpofsandiego.org/,,,,,
Kern Transit,9R02-91059,45,45,89028,300723,156561,748492,Network,,Bakersfield,Kern,,http://kerntransit.org/,https://kerntransit.org/fares/,http://data.trilliumtransit.com/gtfs/kerncounty-ca-us/kerncounty-ca-us.zip,,,
Golden Gate Bridge Highway and Transportation District,90016,154,154,37762,3159082,149084,13375796,,"cash, card, benefit",San Francisco,"Marin, Sonoma, San Francisco, Contra Costa",,http://www.goldengate.org/,,https://realtime.goldengate.org/gtfsstatic/GTFSTransitData.zip,,,
Area 1 Agency on Aging,,,,,,,,,,Eureka,Humboldt,,http://www.a1aa.org/,,,,,
Fresno County Rural Transit Agency,9R02-91007,90,90,283304,94093,412786,153912,Flat,cash,Fresno,Fresno,,http://www.ruraltransit.org/,https://www.ruraltransit.org/fares-and-passes/,https://transitfeeds.com/p/fresno-county-rural-transit-agency/338/latest/download,,,
SunLine Transit Agency,90079,96,96,156292,3947023,325536,2574580,Flat,"cash, card",Thousand Palms,Riverside,"Metrolink,CSUSB ID,OmniTrans",http://www.sunline.org/,https://www.sunline.org/riding-sunline/pricing,https://www.sunline.org/transit/google_transit.zip,,,
USDA Forest Service Southwest Region,,,,,,,,,,Vallejo,Solano,,https://www.fs.usda.gov/detail/r5/workingtogether/?cid=STELPRDB5373419,,,,,
Fresno Area Express,90027,150,150,213026,9750802,294817,6068176,Suspended,"cash, card",Fresno,Fresno,,http://www.fresno.gov/fax/,https://www.fresno.gov/transportation/fax/fares-passes/,https://gis4u.fresno.gov/downloads/zip/fax_gtfs.zip,,,
Bishop Paiute Tribe,,,,,,,,,,Bishop,Inyo,,http://www.bishoppaiutetribe.com/,,,,,
Turlock Transit,90201,10,10,11279,144918,21507,208154,Flat,cash,Turlock,Stanislaus,,http://www.turlocktransit.com,http://www.turlocktransit.com/fares.html,http://data.trilliumtransit.com/gtfs/stanislaus-ca-us/stanislaus-ca-us.zip,,,
the Link Florence-Firestone/Walnut Park,90273,0,2,0,227718,0,33596,Flat,cash,Alhambra,Los Angeles,"DASH,Metro",https://dpw.lacounty.gov/transit/TheLinkFlorenceFirestone.aspx,"https://pw.lacounty.gov/transit/TheLinkFlorenceFirestone.aspx#:~:text=General%20fare%20is%2025%20cents,30-day%20and%20EZ%20passes.",http://data.trilliumtransit.com/gtfs/dpwlacounty-ca-us/dpwlacounty-ca-us.zip,,,
Catalina Flyer,,,,,,,,Flat,"cash, card",Newport Beach,Los Angeles,,http://www.catalinainfo.com/,https://www.catalinainfo.com/catalina-flyer-schedules-fares.html,,,,
Palos Verdes Peninsula Transit Authority,90287,27,27,4656,157543,33213,275285,Flat,"cash, card",Rolling Hills,Los Angeles,,http://www.palosverdes.com/pvtransit/,http://www.palosverdes.com/pvtransit/index.cfm?pg=passes,http://data.trilliumtransit.com/gtfs/pvpta-ca-us/pvpta-ca-us.zip,,,
Covina Transit,90261,5,0,19258,0,5473,0,,,Covina,Los Angeles,,https://covinaca.gov/publicworks/page/transportation,,,,,
Costa Mesa Senior Center,,,,,,,,,,Costa Mesa,Orange,,https://www.costamesaca.gov/residents/costa-mesa-senior-center,,,,,
East Los Angeles Shuttle,90271,13,13,18162,888127,7331,149806,Flat,cash,Alhambra,Los Angeles,"Alhambra Community Transit, DASH, Metrolink,City of Commerce Municipal Bus,Metro,Montebello Transit,Monterey Park Spirit",https://dpw.lacounty.gov/transit/ElSolShuttle.aspx,"https://pw.lacounty.gov/transit/ElSolShuttle.aspx#:~:text=Fare%3A,years%20old%20ride%20for%20free.",http://data.trilliumtransit.com/gtfs/dpwlacounty-ca-us/dpwlacounty-ca-us.zip,,,
Santa Ynez Valley Transit,9R02-91028,3,3,5956,29488,10332,38533,Flat,,Solvang,Santa Barbara,,http://www.cityofsolvang.com/211/Santa-Ynez-Valley-Transit,https://www.syvt.com/365/Fares,,,,
Beach Cities Transit,90214,14,14,14201,361344,12528,314231,Flat,cash,Redondo Beach,Los Angeles,,https://www.redondo.org/depts/recreation/transit/beach_cities_transit/default.asp,https://www.redondo.org/depts/recreation/transit/bct_monthly_passes_n_fares.asp,https://www.redondo.org/civicax/filebank/blobdload.aspx?BlobID=33555,,,
City of Berkeley - Berkeley Rides for Seniors & the Disabled,,,,,,,,,,Berkeley,Alameda,,https://www.cityofberkeley.info/,,,,,
Eastern Sierra Transit Authority,9R02-91062,44,88,59418,1015675,89089,489501,Flat,"cash, card",Bishop,"Inyo, Mono, Los Angeles",,http://www.estransit.com,https://www.estransit.com/buy-my-pass/,http://data.trilliumtransit.com/gtfs/easternsierra-ca-us/easternsierra-ca-us.zip,,,
Santa Rosa CityBus,90017,36,72,39814,1771874,119443,1416182,,"cash, card, benefit",Santa Rosa,Sonoma,,http://www.srcity.org/citybus,,,,,
Ventura County Transportation Commission,90164,45,90,33076,690436,53591,1003933,Flat,"cash, card",Ventura,Ventura,,https://www.goventura.org/,https://www.goventura.org/vctc-transit/fares-passes/,http://data.trilliumtransit.com/gtfs/vctc-ca-us/vctc-ca-us.zip,,,
City of Lafayette: Lamorinda Sprit Van Program,,,,,,,,,,Lafayette,Contra Costa,,https://www.lovelafayette.org/,,,,,
San Diego International Airport,,,,,,,,,,San Diego,San Diego,,https://www.san.org/,,,,,
San Luis Obispo Council of Governments,,,,,,,,,,San Luis Obispo,San Luis Obispo,,http://www.slocog.org,,,,,
Inglewood,90268,24,12,43130,8728,34336,0,,,Inglewood,Los Angeles,,https://www.cityofinglewood.org/796/Transportation,,,,,
Big Blue Bus,90008,172,172,21392,13187418,8932,11721083,Flat,"cash, card",Santa Monica,Los Angeles,,http://www.bigbluebus.com/,https://www.bigbluebus.com/Fares/Fare-Information.aspx,http://gtfs.bigbluebus.com/current.zip,http://gtfs.bigbluebus.com/alerts.bin,http://gtfs.bigbluebus.com/tripupdates.bin,http://gtfs.bigbluebus.com/vehiclepositions.bin
Central California Nikkei Foundation,,,,,,,,,,Fresno,San Joaquin,,http://ccnf.org/,,,,,
Moorpark City Transit,90227,0,2,0,50714,0,36852,Flat,cash,Moorpark,Ventura,Metrolink,http://www.moorparkca.gov/223/Transportation,"https://www.moorparkca.gov/236/General-Transportation#:~:text=Fares%20are%20%241.25%20for%20students,Transit%20and%20Gold%20Coast%20Transit.",http://data.trilliumtransit.com/gtfs/moorparkcitytransit-ca-us/moorparkcitytransit-ca-us.zip,,,
Emery Go-Round,,,,,,,,,,Emeryville,Alameda,,https://www.emerygoround.com/,,https://transitfeeds.com/p/emery-go-round/769/latest/download,,,
V-LINE,,,,,,,,Network,,Visalia,"Tulare, Fresno",,https://ridevline.com/,https://www.vline.com.au/Fares-general-info/Ticketing-Fares,,,,
California Vanpool Authority,,,,,,,,,,Hanford,Kings,,http://www.CalVans.org/,,,,,
Sonoma-Marin Area Rail Transit,90299,0,11,0,636029,0,3315274,,"cash, card, benefit",Petaluma,"Sonoma, Marin",,http://www.sonomamarintrain.org,,http://data.trilliumtransit.com/gtfs/smart-ca-us/smart-ca-us.zip,,,
San Clemente Senior Transportation,,,,,,,,,,San Clemente,Orange,,http://www.san-clemente.org/department-services/social-services/senior-services,,,,,
Lynwood Trolley / Breeze,90281,0,4,0,196547,0,44845,Flat,cash,Lynwood,Los Angeles,,http://lynwood.ca.us/lynwood-trolley-breeze-schedule/,"http://lynwood.ca.us/lynwood-trolley-breeze-schedule/#:~:text=Trolley%20fare%20is%20%24.,driver%20does%20not%20provide%20change.",,,,
Inyo County Local Transportation Commission,,,,,,,,,,Independence,Inyo,,http://www.inyoltc.org/,,,,,
Sierra County Transportation Commission,9R02-91038,4,0,3194,0,12239,0,,,Downieville,Sierra,,https://www.sierracounty.ca.gov/410/Transit,,,,,
Altamont Corridor Express,90182,0,34,0,1398954,0,9828063,Flat,"cash, card, benefit",Stockton,"San Joaquin, Santa Clara",,http://www.acerail.com/,,https://transitfeeds.com/p/altamont-corridor-express/823/latest/download,,,
Burbank Bus,90256,0,14,0,221615,0,194459,,cash,Burbank,Los Angeles,,http://www.burbankbus.org/,,http://gis.burbankca.gov/files/gtfs/google_transit.zip,,,
The Breeze Bus,90087,26,26,26211,685563,15155,767374,Flat,,Santa Maria,Santa Barbara,,http://www.breezebus.com/,http://www.breezebus.com/fares-passes/,,,,
Capitol Corridor,,,,,,,,,"cash, card, benefit",intercity,"Alameda, Placer, Sacramento, Yolo, Solano, Contra Costa, San Francisco, Santa Clara",,https://www.capitolcorridor.org/,,http://www.capitolcorridor.org/googletransit/google_transit.zip,,,
Common Ground Senior Services,,,,,,,,,,Sutter Creek,Amador,,https://commongroundseniorservices.org/,,,,,
OmniTrans,90029,250,500,378087,10832159,1511449,11249865,Flat,"cash, card",San Bernardino,San Bernardino,,http://www.omnitrans.org/,https://omnitrans.org/buy-a-pass/fares/,http://www.omnitrans.org/google/google_transit.zip,,,
Porterville Transit,90198,13,13,13001,635648,20173,548406,Flat,"cash, card",Porterville,Tulare,,http://www.portervilletransit.com/,http://www.ci.porterville.ca.us/depts/PortervilleTransit/fares.cfm,http://demopro.nationalrtap.org/admin/GTFSzipFiles/526/google_transit.zip,,,
Alpine County Local Transportation Commission,9R02-91116,2,0,601,0,5462,0,,,Markleeville,Alpine,,http://www.alpinecountyca.gov/index.aspx?NID=159,,,,,
Sacramento Regional Transit District,90019,232,464,16065,20874243,20976,27255255,Flat,"cash, card, benefit",Sacramento,Sacramento,,http://www.sacrt.com/,http://www.sacrt.com/fares/,http://iportal.sacrt.com/GTFS/SRTD/google_transit.zip,,,
Banning Pass Transit,,,,,,,,Flat,,Banning,Riverside,"RTC WASHOE,BIG BLUE BUS .",http://banning.ca.us/351/Bus-Schedules,https://tokentransit.com/agency/banningtransit,http://data.trilliumtransit.com/gtfs/banning-ca-us/banning-ca-us.zip,,,
Desert Roadrunner,,,,,,,,,,Blythe,Riverside,,https://pvvta.com/,,http://data.trilliumtransit.com/gtfs/paloverde_valley-ca-us/paloverde_valley-ca-us.zip,,,
Roseville Transit,90168,24,48,28783,321862,81721,760847,Flat,"cash, card, benefit",Roseville,"Placer, Sacramento","Amtrak Capitol Corridor Train Service, Placer Commuter Express ",http://www.roseville.ca.us/transit/,https://www.roseville.ca.us/government/departments/public_works/roseville_transit/fares_passes,http://iportal.sacrt.com/GTFS/Roseville/google_transit.zip,,,
Arcadia Transit,90044,14,14,26247,53562,6054,7192,Network,cash,Arcadia,Los Angeles,,https://www.arcadiaca.gov/transit,https://www.arcadiaca.gov/shape/development_services_department/transportation_services/fixed_route_services.php,,,,
Bell Gardens,90253,6,6,36975,140383,19457,41518,Flat,,Bell Gardens,Los Angeles,,https://www.bellgardens.org/government/city-departments/public-works/transportation,https://www.bellgardens.org/government/city-departments/public-works/transportation/fixed-route-bus,,,,
PresidioGo Shuttle,,,,,,,,Free,,San Francisco,San Francisco,,http://www.presidio.gov/transportation/presidigo,"https://www.presidio.gov/transportation/presidigo/presidigov2#:~:text=It%20is%20free%20and%20available,Ness%20Avenue%20and%20the%20Presidio.",,,,
Laguna Woods Senior Mobility Program,,,,,,,,,,Laguna Woods,Orange,,https://www.cityoflagunawoods.org/our-services/senior-mobility-services/,,,,,
Mountain View Community Shuttle,,,,,,,,Free,,Mountain View,Santa Clara,,https://mvcommunityshuttle.com,"https://mvcommunityshuttle.com/#:~:text=The%20Mountain%20View%20Community%20Shuttle%20is%20free%20for%20everybody.,6PM%20(Monday%20through%20Sunday).",,,,
Grapeline,90175,16,16,31163,270503,62356,164129,Flat,"cash, card, check",Lodi,San Joaquin,,http://www.lodi.gov/469/Transit,"https://communityconnectionssjc.org/programs/details/grape_line/#:~:text=Fares%20are%20%24.,%2444%20for%20the%20general%20public.",https://transitfeeds.com/p/city-of-lodi-grapeline/711,,,
Glendale Beeline,99423,34,34,45144,1504383,47953,798648,Flat,"cash, card",Glendale,Los Angeles,,http://www.glendaleca.gov/government/departments/public-works/public-transportation/beeline-transit-system,https://www.glendaleca.gov/government/departments/community-development/public-transportation/beeline-bus/fares,http://glendaleca.gov/Home/ShowDocument?id=29549,,,
Gridley Golden Feather Flyer,,,,,,,,,,Gridley,Butte,,http://gridley.ca.us/why-live-here/,,,,,
Auburn Transit,9R02-91032,0,5,0,38669,0,21850,Flat,cash,Auburn,Placer,,https://www.auburn.ca.gov/192/Transit-Services,https://www.auburn.ca.gov/192/Transit-Services,https://transitfeeds.com/p/auburn-transit/1271/latest/download,,,
Diamond Bar Transportation,,,,,,,,,,Diamond Bar,Los Angeles,,https://www.diamondbarca.gov/487/Transportation,,,,,
Shafter Dial-A-Ride,9R02-91120,9,0,33494,0,34262,0,,,Shafter,Kern,,https://www.shafter.com/148/Transit,,,,,
Cloverdale Transit,,,,,,,,Network,,Cloverdale,Sonoma,,http://www.cloverdale.net/index.aspx?nid=267,"https://sctransit.com/sct-in-your-community/cloverdale/#:~:text=Fares%20on%20Route%2060%20are,%240.75%20to%20%241.50%20for%20seniors.",http://data.trilliumtransit.com/gtfs/sonomacounty-ca-us/sonomacounty-ca-us.zip,,,
"Kimochi, Inc.",,,,,,,,,,San Francisco,San Francisco,,https://www.kimochi-inc.org/,,,,,
B-Line,,,,,,,,Network,,Chico,Butte,"Chico State, Butte College, Downtown Chico Employees ",http://www.blinetransit.com/,http://www.blinetransit.com/Rider-Tools/Fares/,,,,
City of Agora Hills,,,,,,,,,,Agoura Hills,Los Angeles,,https://www.agourahillscity.org/,,,,,
Avocado Heights/Bassett/West Valinda Shuttle,90270,0,1,0,36766,0,6823,Flat,cash,Alhambra,Los Angeles,"Foothill Transit,La Puente Link,Metro",https://dpw.lacounty.gov/transit/AvoBasWVShuttle.aspx,"https://pw.lacounty.gov/transit/AvoBasWVShuttle.aspx#:~:text=Fare%3A,EZ%20passes%20as%20cash%20fare.",http://data.trilliumtransit.com/gtfs/dpwlacounty-ca-us/dpwlacounty-ca-us.zip,,,
Woodlake Dial-A-Ride,9R02-91079,3,0,20245,0,17283,0,,,Woodlake,Tulare,,http://www.cityofwoodlake.com/transportation/,,,,,
the Link Willowbrook,90278,0,2,0,63572,0,10766,Flat,cash,Alhambra,Los Angeles,"DASH,Metro,GTrans, Compton Renaissance",https://dpw.lacounty.gov/transit/TheLinkWillowbrook.aspx,https://pw.lacounty.gov/transit/TheLinkWillowbrook.aspx,http://data.trilliumtransit.com/gtfs/dpwlacounty-ca-us/dpwlacounty-ca-us.zip,,,
Humboldt Transit Authority,9R02-91036,0,28,0,546270,0,1155082,Network,"cash, card",Eureka,Humboldt,"Willow Creek Service,Eureka Service,Arcata & Mad River Service,Southern Humboldt Intercity Service,Mainline RTS service,Redwood Transit System",http://www.hta.org/,https://hta.org/fares/,http://data.trilliumtransit.com/gtfs/humboldtcounty-ca-us/humboldtcounty-ca-us.zip,,,
San Luis Obispo Regional Transit Authority,90206,47,47,58242,1060551,194903,1439732,Network,paypal,San Luis Obispo,San Luis Obispo,,http://www.slorta.org/,https://www.slorta.org/passes/,https://transitfeeds.com/p/san-luis-obispo-rta/710,,,
Brea Shuttle Express,,,,,,,,,,Brea,Orange,,http://www.cityofbrea.net/1105/Transportation,,,,,
Santa Clarita Transit,90171,91,182,104851,2670472,114467,3258614,Flat,"cash, card",Santa Clarita,Los Angeles,"Warner Center, Century City/Los Angeles, North Hollywood",http://santaclaritatransit.com/,http://santaclaritatransit.com/fares-passes/,,,,
Susanville Indian Rancheria Public Transportation Program,99256,4,4,99,1127,1162,10536,Flat,,Susanville,Lassen,,http://www.sir-nsn.gov/event/new-transportation-bus-schedule/,http://www.taketrax.com/documents/sirpt-flyer.pdf,http://data.trilliumtransit.com/gtfs/tehama-ca-us/tehama-ca-us.zip,,,
Coronado Ferry,,,,,,,,,,Coronado,San Diego,,https://www.flagshipsd.com/cruises/coronado-ferry,,,,,
West Valley Community Services,,,,,,,,,,Cupertino,San Mateo,,https://www.wvcommunityservices.org,,,,,
Redding Area Bus Authority,90093,28,28,52821,665600,161296,654894,Flat,"cash, card",Redding,Shasta,,http://www.rabaride.com/,https://www.cityofredding.org/departments/redding-area-bus-authority/fares/fare-structure,http://data.trilliumtransit.com/gtfs/redding-ca-us/redding-ca-us.zip,,,
Mountain Transit,9R02-91012,11,22,18759,160481,65388,305927,Network,"cash, check, card",Big Bear Lake,San Bernardino,,http://mountaintransit.org/,https://mountaintransit.org/fare-rates/,http://data.trilliumtransit.com/gtfs/bigbear-ca-us/bigbear-ca-us.zip,,,
Rosemead Explorer,90289,5,5,9383,67821,4348,18352,Flat,cash,Rosemead,Los Angeles,,http://www.cityofrosemead.org/cms/one.aspx?pageId=10909050,https://www.cityofrosemead.org/UserFiles/Servers/Server_10034989/File/Gov/City%20Departments/Public%20Works/PW%20Superintendent/Public%20Transportation/Dial%20-A-Ride%20&%20Rosemead%20Explorer/Rosemead%20Explorer%20Schedule.pdf,,,,
Catalina Express,,,,,,,,Network,"cash, card, check",San Pedro,"Los Angeles, Orange",,http://catalinaexpress.com/,https://www.catalinaexpress.com/schedule-fares.html,,,,
"Upland Manor, Inc.",,,,,,,,,,Upland,San Bernadino,,http://uplandmanor.com,,,,,
GTrans,90042,49,49,23443,3086911,12859,2324257,Flat,"cash, card",Gardena,Los Angeles,,http://ridegtrans.com/,http://ridegtrans.com/fares/,http://data.trilliumtransit.com/gtfs/gtrans-ca-us/gtrans-ca-us.zip,,,
Claremont Dial-a-Ride,90296,56,0,31862,0,50724,0,,,Claremont,Los Angeles,,https://www.ci.claremont.ca.us/living/transit-services-75,,,,,
Central Coast Shuttle LAX,,,,,,,,,,Los Angeles,Los Angeles,,https://www.centralcoastshuttle.com/,,,,,
"Paratransit, Inc.",,,,,,,,,,Sacramento,Sacramento,,http://paratransit.org/,,,,,
Blue Lake Rancheria,99292,0,1,0,13182,0,14878,Flat,,Blue Lake,Humboldt,,https://bluelakerancheria-nsn.gov/initiatives/transportation/,https://bluelakerancheria-nsn.gov/wp-content/uploads/2019/09/BlueLakeRancheria_Transit_Brochure_download.pdf,http://data.trilliumtransit.com/gtfs/humboldtcounty-ca-us/humboldtcounty-ca-us.zip,,,
Berkeley Lab Bus System,,,,,,,,Free,,Berkeley,Alameda,"UC Campus, Downtown Berkeley BART, and Rockridge BART stations",https://commute.lbl.gov/service/shuttle-buses/,https://commute.lbl.gov/service/shuttle-buses/,,,,
Merced The Bus,90173,52,52,49912,834591,173996,1185148,Flat,,Merced,Merced,,http://www.mercedthebus.com/,https://www.mercedthebus.com/131/Fare-Fees,http://data.trilliumtransit.com/gtfs/mercedthebus-ca-us/mercedthebus-ca-us.zip,,,
Vine Transit,90088,41,82,99575,1000202,277092,956349,Flat,,Napa,"Napa, Solano, Contra Costa",,http://www.ridethevine.com/,https://vinetransit.com/fares/,http://data.trilliumtransit.com/gtfs/vinetransit-ca-us/vinetransit-ca-us.zip,,,
Home of Guiding Hands,,,,,,,,,,El Cajon,San Diego,,http://www.guidinghands.org/,,,,,
Independent Living Partnership,,,,,,,,,,Riverside,Riverside,,https://ilpconnect.org/,,,,,
Pride Industries Transit,,,,,,,,,,Foresthill,Placer,,https://prideindustries.wordpress.com/,,,,,
Care-A-Van,,,,,,,,,,Standford,Santa Clara,,https://www.stanfordchildrens.org/,,,,,
Work Training Center,,,,,,,,,,Chico,Butte ,,https://wtcinc.org/,,,,,
Hawaiian Gardens Public Transportation,,,,,,,,,,Hawaiian Gardens,"Los Angeles, Orange",,https://hgcity.org/hg/?p=266,,,,,
Mendocino Transit Authority,9R02-91047,23,23,45717,282669,103547,499202,Network,cash,Ukiah AND Fort Bragg,Mendocino,,http://www.mendocinotransit.org,https://mendocinotransit.org/fares/,http://data.trilliumtransit.com/gtfs/mendocino-ca-us/mendocino-ca-us.zip,,,
eTrans,9R02-91078,2,2,2226,1036,2154,1804,,,Escalon,San Joaquin,,http://cityofescalon.org/cms/one.aspx?pageId=13056687,,https://transitfeeds.com/p/city-of-escalon/601/latest/download,,,
Commuter Express,90147,718,718,266302,18127858,314471,10953919,,,Los Angeles,Los Angeles,,http://www.ladottransit.com/,,http://lacitydot.com/gtfs/administrator/gtfszip/ladotgtfs.zip,,,
Balboa Island Ferry,,,,,,,,,"cash, check",Newport Beach,Orange,,http://www.balboaislandferry.com/,,,,,
Seniors on the Go Transportation Services,,,,,,,,,,Huntington Beach,Orange,,https://www.huntingtonbeachca.gov/residents/human_services/SeniorsOutreachCenterTransportation.cfm,,,,,
South El Monte Senior Transportation,,,,,,,,,,South El Monte,Los Angeles,,http://www.ci.south-el-monte.ca.us/CITYDEPARTMENTSSERVICES/CommunityServices/SeniorServices.aspx,,,,,
Newport Beach Friends of Oasis Senior Center,,,,,,,,,,Newport Beach,Orange,,https://www.newportbeachca.gov/government/departments/recreation-senior-services/senior-services-oasis-senior-center/transportation-service,,,,,
UC San Diego Campus Shuttles,,,,,,,,Free,,La Jolla,San Diego,,http://transportation.ucsd.edu/shuttles/index.html,https://transportation.ucsd.edu/shuttles/,,,,
Santa Monica College Academy/Madison Transit Shuttle,,,,,,,,,,Santa Monica,Los Angeles,,http://smc.edu/StudentServices/transportation/Pages/Shuttles.aspx,,,,,
Corona Cruiser,90052,15,15,58089,129972,162529,132810,Flat,,Corona,Riverside,Metrolink,http://www.coronaca.gov/Transit,"https://www.coronaca.gov/government/departments-divisions/public-works/public-transit/corona-cruiser#:~:text=full%20fare%20of%20%241.50)%20during,to%20receive%20the%20half%20fare.",http://data.trilliumtransit.com/gtfs/corona-ca-us/corona-ca-us.zip,,,
Commerce Municipal Bus Lines,90043,14,14,9086,500498,0,0,Free,,Commerce,Los Angeles,,http://ci.commerce.ca.us/index.aspx?NID=90,https://citycommbus.com/announcements,http://data.trilliumtransit.com/gtfs/cmbl-ca-us/cmbl-ca-us.zip,,,
Catalina Safari Shuttle Bus,,,,,,,,,,Catalina,Los Angeles,,https://www.visitcatalinaisland.com/things-to-do/two-harbors/outdoor-activities/safari-bus/,,,,,
Lawndale Beat,90280,0,2,0,63003,0,21601,Flat,cash,Lawndale,Los Angeles,,http://www.lawndalecity.org/html/depthtml/csd/beat.htm,https://www.lawndalecity.org/government/departments/community_services/lawndale_beat_information___schedule_,http://data.trilliumtransit.com/gtfs/cityoflawndale-ca-us/cityoflawndale-ca-us.zip,,,
Commute.org Shuttles,,,,,,,,,,South San Francisco,San Mateo,,http://www.commute.org,,https://transitfeeds.com/p/commute-org-san-mateo-county-shuttles/1055/latest/download,,,
Yosemite Area Regional Transportation System,9R02-91070,0,10,0,120730,0,486862,Network,,Merced,"Merced, Fresno, Mono, Tuolumne",,http://www.YARTS.com,https://yarts.com/tickets-and-fares/,http://data.trilliumtransit.com/gtfs/yosemite-ca-us/yosemite-ca-us.zip,,,
Carson Circuit,90258,15,15,50905,239838,75078,140190,Suspended,,Carson,Los Angeles,,http://ci.carson.ca.us/CommunityServices/Transportation.aspx,https://ci.carson.ca.us/CommunityServices/carson_circuit.aspx,,,,
Bay Area Rapid Transit,90003,0,1698,0,129044343,0,480845458,,"cash, card, benefit",Oakland,"Alameda, Contra Costa, Santa Clara, San Mateo, San Francisco",,http://www.bart.gov/,,https://www.bart.gov/dev/schedules/google_transit.zip,http://api.bart.gov/gtfsrt/alerts.aspx,http://api.bart.gov/gtfsrt/tripupdate.aspx,
Calabasas Transit System,90257,13,13,2511,98517,7810,24646,Flat,check,Calabasas,Los Angeles,,https://www.cityofcalabasas.com/departments/traffic/shuttle.html,"https://www.cityofcalabasas.com/government/public-works/transportation-transit-division/shuttle-and-trolley-services#:~:text=The%20City%20accepts%20two%20forms,tickets%2C%20available%20at%20City%20Hall",,,,
Dignity Health,,,,,,,,,,Mount Shasta,Siskiyou,,https://www.dignityhealth.org/,,,,,
Long Beach Transit,90023,197,197,38986,23781730,65200,14231904,Flat,"cash, card",Long Beach,"Los Angeles, Orange",,http://www.lbtransit.com/,https://ridelbt.com/fares/,https://transitfeeds.com/p/long-beach-transit/704/latest/download,https://transitfeeds.com/p/long-beach-transit/1064,,
Visalia Transit,90091,39,78,39109,1436984,80672,1496707,Flat,,Visalia,Tulare,"Medicare Card, CA Disabled ID or Veteran Disabled ID Card",http://www.visaliatransit.com/,https://www.visalia.city/depts/transportation_services/transit/fares_n_passes/default.asp,http://geodata.visalia.city/datasets/visalia-transit-gtfs,,,
Morongo Band of Mission Indians,99358,2,0,2638,0,4049,0,,,Banning,Riverside,,http://morongonation.org/content/transportation-department,,,,,
Monterey-Salinas Transit,90062,120,360,201443,4393722,319767,10497396,Network,"cash, card",Monterey,"Monterey, Santa Cruz, Santa Clara, San Luis Obispo",,http://www.mst.org/,https://mst.org/fares/route-types-fares/,http://www.mst.org/google/google_transit.zip,http://206.128.158.191/TMGTFSRealTimeWebService/Alert/Alerts.pb,http://206.128.158.191/TMGTFSRealTimeWebService/TripUpdate/TripUpdates.pb,http://206.128.158.191/TMGTFSRealTimeWebService/Vehicle/VehiclePositions.pb
Metropolitan Transportation Commission,,,,,,,,,,San Francisco,"San Francisco, Alameda, Contra Costa, Marin, Napa, San Mateo, Santa Clara, Solano, Sonoma",,https://mtc.ca.gov/,,,,,
Simi Valley Transit,90050,17,17,43298,262024,117600,288787,Flat,cash,Simi Valley,Ventura,,https://www.simivalley.org/departments/community-services/simi-valley-transit,https://tokentransit.com/agency/simivalley,http://data.trilliumtransit.com/gtfs/simivalley-ca-us/simivalley-ca-us.zip,,,
Sonoma County Airport Express,,,,,,,,,,Santa Rosa,Sonoma,,http://airportexpressinc.com/,,,,,
Placentia Senior Services,,,,,,,,,,Placentia,Orange,,http://www.placentia.org/,,,,,
Ampla Health,,,,,,,,,,Yuba City,Sutter,,https://www.amplahealth.org/,,,,,
Foster City Senior Express Shuttle,,,,,,,,,,Foster City,San Mateo,,https://www.fostercity.org/citymanager/page/transportation-contacts,,,,,
DASH,90147,718,718,266302,18127858,314471,10953919,Flat,,Los Angeles,Los Angeles,,http://www.ladottransit.com/,https://www.ladottransit.com/dash/,http://lacitydot.com/gtfs/administrator/gtfszip/ladotgtfs.zip,,,
Deaf Plus Adult Community,,,,,,,,,,Newark,Alameda,,https://deafplus.wixsite.com/,,,,,
Turning Point Community Programs,,,,,,,,,,Rancho Cordova,Stanislaus,,https://www.tpcp.org/,,,,,
Easy Lift Transportation,90243,25,0,71579,0,1037093,0,,,Goleta,Santa Barbara,,http://www.easylift.org/,,,,,
Inland Regional Center,,,,,,,,,,San Bernardino,"San Bernardino, Riverside",,http://www.inlandrc.org,,,,,
Healdsburg Transportation,,,,,,,,,,Healdsburg,Sonoma,,https://www.ci.healdsburg.ca.us/861/Transportation-Options,,,,,
Bellflower Bus,90254,4,4,8170,75061,6403,25296,Flat,,Bellflower,Los Angeles,,https://www.bellflower.org/resources/transportation/bus.asp,"https://www.bellflower.org/community/transportation/bus_routes___schedules.php#:~:text=This%20fixed%20route%20system%20operates,free%20for%20kids%205%20%26%20under.",,,,
PAL Shuttle,,,,,,,,,,San Diego,Los Angeles,,https://palomarlimo.com/,,,,,
CSUEB Shuttle,,,,,,,,Free,,Hayward,"Contra Costa, Alameda",,http://www.csueastbay.edu/parking/alt-trans/university-shuttle1/shuttle-hayward-hills.html,https://www.csueastbay.edu/parking/alt-trans/university-shuttle/shuttle-hayward-hills.html,,,,
DowneyLINK,90263,16,16,23814,120519,10293,43376,Flat,cash,Downey,Los Angeles,,https://www.downeyca.org/our-city/departments/parks-recreation/transit/downeylink-transit-system,"https://www.downeyca.org/our-city/departments/parks-recreation/transit/downeylink-transit-system#:~:text=The%20fare%20is%20.,the%20Driver%20for%20a%20transfer.",,,,
Lake Transit,9R02-91053,26,26,8753,310328,11287,470154,Network,,Lower Lake,Lake,,http://laketransit.org/,https://laketransit.org/bus-pass-transfers/,http://data.trilliumtransit.com/gtfs/laketransit-ca-us/laketransit-ca-us.zip,,,
Camarillo Area Transit,90163,21,21,94440,77752,135093,56990,Flat,cash,Camarillo,Ventura,Metrolink,https://www.cityofcamarillo.org/residents/public_transportation/index.php,"https://www.cityofcamarillo.org/residents/public_transportation/index.php#:~:text=The%20fare%20is%20%241.50%20for,(805)%20988-4228.",,,,
ARC Imperial Valley,,,,,,,,,,El Centro,Imperial,,http://arciv.org/,,,,,
Malibu Dial-A-Ride,90282,8,0,5287,0,14240,0,,,Malibu,Los Angeles,,https://www.malibucity.org,,,,,
Unitrans,90142,0,35,0,4021956,0,3267620,Flat,cash,Davis,Yolo,"Yolobus, Sacramento Regional Transit, Capital Corridor Transfers",http://www.unitrans.com/,https://unitrans.ucdavis.edu/fares/,http://iportal.sacrt.com/GTFS/Unitrans/google_transit.zip,,,
North County Transit District,90030,233,699,187965,10474569,754843,14398572,Flat,"cash, card, benefit",Oceanside,San Diego,,http://www.gonctd.com/,https://gonctd.com/fares/fares-passes/,https://transitfeeds.com/p/nctd/194,,,
Easy Does It Emergency Services,,,,,,,,,,Berkeley,Alameda,,https://easydoesitservices.org/,,,,,
Porterville Sheltered Workshop,,,,,,,,,,Porterville,San Joaquin,,http://pswcares.org/,,,,,
Inyo-Mono Association for the Handicapped,,,,,,,,,,Bishop,Inyo,,http://imahstars.org/,,,,,
Tehachapi Dial-A-Ride,9R02-91074,2,0,6368,0,7064,0,,,Tehachapi,Kern,,http://www.liveuptehachapi.com/158/Tehachapi-Bus-Information,,,,,
Colfax,,,,,,,,,,Colfax,Placer,,http://colfax-ca.gov/,,,,,
Sacramento International Airport,,,,,,,,,,Sacramento,Sacramento,,http://www.sacairports.org/,,,,,
SamTrans,90009,798,798,362251,11457737,910740,14831331,,"cash, card, benefit",San Carlos,"San Mateo, San Francisco, Santa Clara",,http://www.samtrans.com/,,http://www.samtrans.com/Assets/GTFS/samtrans/ST-GTFS.zip?v=20190114,,,
Hawthorne Dial-a-Ride Transportation,,,,,,,,,,Hawthorne,Los Angeles,,http://www.cityofhawthorne.org/senior-activities,,,,,
Eureka Transit Service,9R02-91093,0,4,0,204562,0,226632,Flat,cash,Eureka,Humboldt,,https://hta.org/agencies/eureka-transit-service/,https://hta.org/agencies/eureka-transit-service/,http://data.trilliumtransit.com/gtfs/humboldtcounty-ca-us/humboldtcounty-ca-us.zip,,,
Oakland International Airport,,,,,,,,,,Oakland,Alameda,,https://www.oaklandairport.com/,,,,,
Mariposa County Transit,9R02-91082,8,0,4265,0,45907,0,,,Mariposa,Mariposa,,http://ca-mariposacounty.civicplus.com/422/Transportation,,,,,
Playa Vista Shuttle,,,,,,,,,,Playa Vista,Los Angeles,,https://playavista.com/playa-vista-shuttle/,,,,,
Lincoln Transit,,,,,,,,,,Lincoln,Placer,,http://www.lincolnca.gov/city-hall/departments-divisions/public-services/transit,,http://data.trilliumtransit.com/gtfs/placercounty-ca-us/placercounty-ca-us.zip,,,
Vintage House,,,,,,,,,,Sonoma,Sonoma ,,https://vintagehouse.org,,,,,
LA Metro,90154,0,17290,0,390933428,0,300042155,,,Los Angeles,Los Angeles,,http://www.metro.net/,,https://transitfeeds.com/p/la-metro/677/latest/download,,,
SolTrans,90232,41,82,29527,1347760,45124,3258212,Network,"cash, card, benefit",Vallejo,"Solano, Contra Costa",,http://www.soltransride.com/,https://soltrans.org/fares/fare-table/,http://data.trilliumtransit.com/gtfs/soltrans-ca-us/soltrans-ca-us.zip,,,
Barstow Area Transit,,,,,,,,,,Barstow,San Bernardino,,http://www.barstowca.org/city-hall/city-departments/transportation/fares,,,,,
Spirit Bus,90286,10,10,9136,260101,0,51388,Network,cash,Monterey Park,Los Angeles,,http://www.montereypark.ca.gov/546/Transportation-Services,https://www.montereypark.ca.gov/549/Spirit-Bus,http://data.trilliumtransit.com/gtfs/montereypark-ca-us/montereypark-ca-us.zip,,,
USC Transportation,,,,,,,,Network,,Los Angeles,Los Angeles,"LA Metro,EZ Transit,Commuter Express/Dash Fare,MetroLink",http://transnet.usc.edu/index.php/bus-map-schedules/,https://transnet.usc.edu/index.php/faculty-staff-subsidy/,,,,
Get Around Town Express,90291,14,14,144938,231645,78973,46162,Flat,cash,South Gate,Los Angeles,,http://www.cityofsouthgate.org/218/GATE-Get-Around-Town-Express,"https://www.cityofsouthgate.org/218/GATE-Get-Around-Town-Express#:~:text=Regular%20fare%20is%20%240.50.,only%20valid%20during%20school%20hours).",,,,
Avenidas,,,,,,,,,,Palo Alto,Santa Clara,,https://www.avenidas.org/,,,,,
Madera Area Express,90199,17,17,32224,111564,21128,97935,Suspended,cash,Madera,Madera,,https://www.cityofmadera.ca.gov/home/departments/transit/,https://www.madera.gov/home/departments/transit/,,,,
Kings Area Rural Transit,90200,21,21,14294,704929,35433,580579,Flat,cash,Hanford,Kings,,https://www.kartbus.org/,https://www.kartbus.org/fares/,http://data.trilliumtransit.com/gtfs/kcapta-ca-us/kcapta-ca-us.zip,,,
MOVE Stanislaus Transportation,,,,,,,,,,Modesto,Stanislaus,,http://www.movestanislaus.org/,,,,,
San Francisco Bay Ferry,,,,,,,,,"cash, card, benefit",San Francisco,"San Francisco, Alameda, Contra Costa, Solano",,https://sanfranciscobayferry.com/,,https://transitfeeds.com/p/golden-gate-bridge-highway-transportation-district/344,,,
Mobility Management Partners,,,,,,,,,,Camarillo,Ventura,,http://mobilitymp.net/mmp/,,,,,
Sunshine Bus(South Whittier),90276,0,4,0,258283,0,46495,Network,cash,Whittier (could also be Alhambra),Los Angeles,"Metro,Montebello Transit,Norwalk Transit,Los Nietos Shuttle,Foothill Transit",https://dpw.lacounty.gov/transit/SWSunshineShuttle.aspx,"https://pw.lacounty.gov/transit/SWSunshineShuttle.aspx#:~:text=For%20Route%20A%20and%20Route,EZ%2C%20and%20GO%20RIO%20passes.",http://data.trilliumtransit.com/gtfs/dpwlacounty-ca-us/dpwlacounty-ca-us.zip,,,
Go West Shuttle,90293,8,8,15945,47925,14509,45415,Flat,cash,West Covina,Los Angeles,"Access Services, County of Los Angeles, Foothill Transit, Metrolink Trains, Southern California Rideshare Program.",https://www.westcovina.org/departments/public-services-department/public-services-department-community-services-division/transit-services,https://www.westcovina.org/departments/public-services-department/community-services-division/transit-services,,,,
Hill Hopper Shuttle,,,,,,,,Free,,Hayward,Alameda,Foothill Transi,https://www.ce.csueastbay.edu/about/locations/hayward.html,https://pw.lacounty.gov/transit/HeightsHopperShuttle.aspx,,,,
San Diego Metropolitan Transit System,90026,793,3172,596699,84832513,2686881,87548928,Flat,"cash, card",San Diego,San Diego,,http://www.sdmts.com/,https://www.sdmts.com/fares-passes,https://www.sdmts.com/google_transit_files/google_transit.zip,,,
Riverside University Health System,,,,,,,,,,Riverside,Riverside,,http://www.ruhealth.org/en-us,,,,,
Thousand Oaks Transit,90165,28,28,90442,159398,276198,151468,Flat,"cash, card, check",Thousand Oaks,Ventura,,https://www.toaks.org/departments/public-works/transit,https://www.toaks.org/departments/public-works/transit/fares-prepaid-passes,http://data.trilliumtransit.com/gtfs/thousandoaks-ca-us/thousandoaks-ca-us.zip,,,
Laguna Beach Municipal Transit,90119,0,23,0,841985,0,29914,Flat,cash,Laguna Beach,Orange,,http://www.lagunabeachcity.net/trolley,"https://www.visitlagunabeach.com/directory/laguna-beach-transit/#:~:text=Fares%3A%20Adults%20%24.,free%20in%20July%20and%20August.",http://data.trilliumtransit.com/gtfs/lagunabeach-ca-us/lagunabeach-ca-us.zip,,,
County Connection,90078,140,140,149722,3414611,504028,3998920,,"cash, card benefit",Concord,Contra Costa,,http://www.cccta.org/,,http://cccta.org/GTFS/google_transit.zip,,,
Menlo Park Shuttles,,,,,,,,Free,,Menlo Park,San Mateo,,https://www.menlopark.org/156/Shuttle-services,https://www.menlopark.org/156/Shuttle-services,,,,
Anaheim Resort Transportation,90211,0,77,0,9631356,0,4540921,Flat,"cash, card",Anaheim,Orange,,http://www.rideart.org/,https://rideart.org/fares-and-passes/,http://data.trilliumtransit.com/gtfs/anaheim-ca-us/anaheim-ca-us.zip,,,
Lutheran Social Services,,,,,,,,,,Fullerton,Orange,,https://www.lsssc.org/,,,,,
Placer County Transit,90196,76,114,31523,731305,27934,1037785,Flat,"cash, card",Auburn,Placer,"Auburn Transit, Gold Country Stage , Roseville Transit",https://www.placer.ca.gov/1768/Placer-County-Transit,https://www.placer.ca.gov/1799/Fares,http://data.trilliumtransit.com/gtfs/placercounty-ca-us/placercounty-ca-us.zip,,,
Yurok Tribe Transit Service,99262,4,0,24193,0,9968,0,,,Klamath,Del Norte,,https://www.yuroktribe.org/departments/planning/Transportation_Program.htm,,,,,
Laguna Niguel Transportation Program,,,,,,,,,,Laguna Niguel,Orange,,https://www.cityoflagunaniguel.org/243/Transportation-Services,,,,,
La Mirada Transit,90024,7,0,42407,0,33988,0,,,La Mirada,Los Angeles,,http://www.cityoflamirada.org/city-services/transit,,,,,
Siskiyou Transit and General Express,9R02-91048,0,8,0,55104,0,165533,Flat,cash,Yreka,Siskiyou,,https://www.co.siskiyou.ca.us/generalservices/page/stage-siskiyou-transit-and-general-express,https://www.co.siskiyou.ca.us/generalservices/page/fares,http://data.trilliumtransit.com/gtfs/siskiyou-ca-us/siskiyou-ca-us.zip,,,
Mammoth Lakes Transit System,,,,,,,,Network,,Mammoth Lakes,Mono,,https://www.estransit.com/routes-schedule/seasonal/,https://www.mammothmountain.com/winter/plan-a-vacation/book-a-trip/lift-tickets,http://data.trilliumtransit.com/gtfs/easternsierra-ca-us/easternsierra-ca-us.zip,,,
Culver CityBus,90039,46,46,8727,4864138,3453,3041100,Flat,"cash, card",Culver City,Los Angeles,Transit Access Pass,https://www.culvercity.org/how-do-i/find/culver-city-bus/,https://www.culvercitybus.com/Fares,https://www.culvercity.org/home/showdocument?id=16109,,,
Willowbrook Demand Response,90279,3,0,6053,0,2610,0,,,Alhambra,Los Angeles,,https://dpw.lacounty.gov/transit/DAR.aspx#pageTitle,,,,,
"Bay Area Outreach & Recreation Program, Inc",,,,,,,,,,Berkeley,Alameda,,https://www.borp.org/,,,,,
Tideline,,,,,,,,,,Tiburon,San Francisco,,https://tidelinetickets.com/,,http://data.trilliumtransit.com/gtfs/tidelinewatertaxi-ca-us/tidelinewatertaxi-ca-us.zip,,,
Davis Community Transit,90167,3,0,18197,0,33531,0,,,Davis,Yolo,,http://cityofdavis.org/city-hall/parks-and-community-services/davis-community-transit,,,,,
East Valinda Shuttle,90272,0,1,0,44598,0,7901,Flat,cash,Alhambra,Los Angeles,"Foothill Transit,La Puente Link,Metro,West Covina's GO WEST",https://dpw.lacounty.gov/transit/EastValindaShuttle.aspx,"https://pw.lacounty.gov/transit/EastValindaShuttle.aspx#:~:text=General%20fare%20is%2025%20cents,EZ%20passes%20as%20cash%20fare.",http://data.trilliumtransit.com/gtfs/dpwlacounty-ca-us/dpwlacounty-ca-us.zip,,,
Tahoe Transportation,,,,,,,,Free,,"Stateline, NV",Douglas (NV),,http://tahoetransportation.org/blog/category/bluego/,https://tahoetruckeetransit.com/fares/,http://data.trilliumtransit.com/gtfs/laketahoe-ca-us/laketahoe-ca-us.zip,,,
Cudahy Area Rapid Transit,90262,6,6,5276,117157,4092,0,,,Cudahy,Los Angeles,,http://www.cityofcudahy.com,,,,,
County Express,9R02-91009,18,36,56225,67227,64332,91175,Network,,Hollister,San Benito,,http://www.sanbenitocountyexpress.org/,http://www.sanbenitocountyexpress.org/fares.html,http://data.trilliumtransit.com/gtfs/sanbenitocounty-ca-us/sanbenitocounty-ca-us.zip,,,
West Hollywood Transit Service,90294,10,10,17065,85874,0,0,Free,,West Hollywood,Los Angeles,,https://www.weho.org/services/public-transportation-transit-options,https://accessla.org/other_mobility_resources/ride_info/west-hollywood,,,,
