agency_name,ntd_id,hq_city,hq_county,counties_served,agency_website,caltrans_district_id,caltrans_district_name,is_public_entity,is_publicly_operating,funding_sources,on_demand_vehicles_at_max_service,vehicles_at_max_service,gtfs_schedule_uris
San Francisco Bay Area Rapid Transit District,90003,Oakland,San Francisco,Alameda,http://www.bart.gov/,4.0,Bay Area / Oakland,True,True,5307;5309;5337,580.0,582.0,https://api.511.org/transit/datafeeds?operator_id=BA;https://api.511.org/transit/datafeeds?operator_id=RG;https://www.bart.gov/dev/schedules/google_transit.zip
Golden Empire Transit District,90004,Bakersfield,Kern,Kern,http://www.getbus.org/,6.0,Fresno / Bakersfield,True,True,5307,93.0,93.0,http://eta.getbus.org/rtt/public/utility/gtfs.aspx
Santa Cruz Metropolitan Transit District,90006,Santa Cruz,Santa Cruz,Santa Clara;Santa Cruz,http://www.scmtd.com/,5.0,San Luis Obispo / Santa Barbara,True,True,5307;5309;5311;5339,97.0,97.0,https://developer.scmetro.org/gtfs.zip
City of Santa Monica,90008,Santa Monica,Los Angeles,Los Angeles,http://www.bigbluebus.com/,7.0,Los Angeles / Ventura,True,True,5307;5309,124.0,162.0,https://gtfs.bigbluebus.com/current_swiftly.zip;https://www.bigbluebus.com/gtfs/current.zip
San Mateo County Transit District,90009,San Carlos,San Mateo,San Mateo,http://www.samtrans.com/,4.0,Bay Area / Oakland,True,True,5303;5307;5311;5317,178.0,361.0,https://api.511.org/transit/datafeeds?operator_id=RG;https://api.511.org/transit/datafeeds?operator_id=SM;https://www.samtrans.com/Assets/GTFS/samtrans/ST-GTFS.zip?v=1114
City of Torrance,90010,Torrance,Los Angeles,Los Angeles,http://Transit.TorranceCA.Gov/,7.0,Los Angeles / Ventura,True,True,5307,38.0,74.0,https://transit.torranceca.gov/home/showpublisheddocument/16673/638954293991730000
San Joaquin Regional Transit District,90012,Stockton,San Joaquin,San Joaquin,http://www.sanjoaquinrtd.com/,10.0,Stockton,True,True,5307;5310;5311;5339,91.0,105.0,http://sanjoaquinrtd.com/RTD-GTFS/RTD-GTFS.zip;https://gtfs.dds.dot.ca.gov/gtfs_files/SanJoaquinRTDDialARideandVanGoFlex.zip
Santa Clara Valley Transportation Authority,90013,San Jose,Santa Clara,Santa Clara,http://www.vta.org/,4.0,Bay Area / Oakland,True,True,5307;5309;5311;5337,379.0,520.0,https://api.511.org/transit/datafeeds?operator_id=RG;https://api.511.org/transit/datafeeds?operator_id=SC;https://gtfs.vta.org/gtfs_vta.zip
Alameda-Contra Costa Transit District,90014,Oakland,Alameda,Alameda,http://www.actransit.org/,4.0,Bay Area / Oakland,True,True,5307;5308;5309,427.0,619.0,https://api.511.org/transit/datafeeds?operator_id=AC;https://api.511.org/transit/datafeeds?operator_id=RG;https://api.actransit.org/transit/gtfs/download
City and County of San Francisco,90015,San Francisco,San Francisco,San Francisco,http://www.sfmta.com/,4.0,Bay Area / Oakland,True,True,5307;5309;5310;5337;5339,671.0,777.0,https://api.511.org/transit/datafeeds?operator_id=GP;https://api.511.org/transit/datafeeds?operator_id=RG;https://api.511.org/transit/datafeeds?operator_id=SF;https://sfrecpark.org/DocumentCenter/View/25114/gtfs-1
"Golden Gate Bridge, Highway and Transportation District",90016,San Francisco,San Francisco,Marin;San Francisco;Sonoma,http://www.goldengate.org/,4.0,Bay Area / Oakland,True,True,5307;5310,60.0,73.0,https://api.511.org/transit/datafeeds?operator_id=GF;https://api.511.org/transit/datafeeds?operator_id=GG;https://api.511.org/transit/datafeeds?operator_id=RG;https://realtime.goldengate.org/gtfsstatic/GTFSTransitData.zip
City of Santa Rosa,90017,Santa Rosa,Sonoma,Sonoma,www.srcity.org/citybus,4.0,Bay Area / Oakland,True,True,5307;5310,18.0,29.0,https://api.511.org/transit/datafeeds?operator_id=RG;https://api.511.org/transit/datafeeds?operator_id=SR;https://santarosa.syncromatics.com/gtfs
Sacramento Regional Transit District,90019,Sacramento,Sacramento,Sacramento,http://www.sacrt.com/,3.0,Marysville / Sacramento,True,True,5307;5309;5337,362.0,387.0,https://iportal.sacrt.com/gtfs/srtd/google_transit.zip
Santa Barbara Metropolitan Transit District,90020,Santa Barbara,Santa Barbara,Santa Barbara,http://www.sbmtd.gov/,5.0,San Luis Obispo / Santa Barbara,True,True,5307;5339,71.0,71.0,https://sbmtd.gov/google_transit/feed.zip
City of Norwalk,90022,Norwalk,Los Angeles,Los Angeles,https://www.norwalk.org/city-hall/departments/norwalk-transit-system-nts,7.0,Los Angeles / Ventura,True,True,5307,20.0,27.0,https://nts.rideralerts.com/InfoPoint/GTFS-Zip.ashx
Long Beach Transit,90023,Long Beach,Los Angeles,Los Angeles,http://www.lbtransit.com/,7.0,Los Angeles / Ventura,True,True,5307;5339,187.0,196.0,https://drive.google.com/uc?export=download&id=1869EVa1z6m_iD6QmvRXyTHtYiaSUBROl
City of La Mirada,90024,La Mirada,Los Angeles,Los Angeles,http://www.cityoflamirada.org/departments/community-services/transit,7.0,Los Angeles / Ventura,True,True,,,5.0,
San Diego Metropolitan Transit System,90026,San Diego,San Diego,San Diego,http://www.sdmts.com/,11.0,San Diego,True,True,5307;5309;5311;5337;5339,319.0,819.0,https://www.sdmts.com/google_transit_files/google_transit.zip
City of Fresno,90027,Fresno,Fresno,Fresno,https://www.fresno.gov/transportation/,6.0,Fresno / Bakersfield,True,True,5307;5308;5309;5317;5339,110.0,152.0,https://gis4u.fresno.gov/downloads/zip/fax_gtfs.zip
Omnitrans,90029,San Bernardino,San Bernardino,San Bernardino,http://www.omnitrans.org/,8.0,San Bernardino / Riverside,True,True,5307;5310,116.0,167.0,https://www.omnitrans.org/google/google_transit.zip
North County Transit District,90030,Oceanside,San Diego,San Diego,http://www.gonctd.com/,11.0,San Diego,True,True,5307;5311;5316;5337;5339,38.0,191.0,https://lfportal.nctd.org/staticGTFS/google_transit.zip
Riverside Transit Agency,90031,Riverside,Riverside,Riverside,http://www.riversidetransit.com/,8.0,San Bernardino / Riverside,True,True,5307;5309;5310;5311;5339,86.0,225.0,https://www.riversidetransit.com/google_transit.zip
Gold Coast Transit District,90035,Oxnard,Ventura,Ventura,http://www.goldcoasttransit.org/,7.0,Los Angeles / Ventura,True,True,5307;5310;5339,49.0,74.0,https://govcbus.com/gtfs;https://www.gctd.org/wp-content/uploads/2021/06/GCTD_GTFS.zip
Orange County Transportation Authority,90036,Orange,Orange,Orange,http://www.octa.net/,12.0,Orange County,True,True,5307;5309;5310;5316;5339,212.0,887.0,https://octa.net/current/google_transit.zip
City of Culver City,90039,Culver City,Los Angeles,Los Angeles,https://www.culvercitybus.com/,7.0,Los Angeles / Ventura,True,True,5307,42.0,42.0,https://www.culvercity.gov/files/assets/public/v/10/documents/information-technology/maps/gtfsexport.zip
City of Montebello,90041,Montebello,Los Angeles,Los Angeles,http://www.ridembl.com/,7.0,Los Angeles / Ventura,True,True,5307,36.0,81.0,https://mbl.rideralerts.com/infopoint/gtfs-zip.ashx
City of Gardena,90042,Gardena,Los Angeles,Los Angeles,www.ridegtrans.com,7.0,Los Angeles / Ventura,True,True,5307,29.0,29.0,https://ridegtrans.com/gtfs.zip
City of Commerce,90043,Commerce,Los Angeles,Los Angeles,https://www.ci.commerce.ca.us/city-hall/transportation,7.0,Los Angeles / Ventura,True,True,5307,14.0,14.0,https://citycommbus.com/gtfs
City of Arcadia,90044,Arcadia,Los Angeles,Los Angeles,ArcadiaCA.gov/Transit,7.0,Los Angeles / Ventura,True,True,5307,,14.0,https://passio3.com/ArcadiaCity/passioTransit/gtfs/google_transit.zip
City of Simi Valley,90050,Simi Valley,Ventura,Ventura,http://www.simivalley.org/departments/public-works/simi-valley-transit,7.0,Los Angeles / Ventura,True,True,5307,15.0,15.0,https://data.trilliumtransit.com/gtfs/simivalley-ca-us/simivalley-ca-us.zip;https://govcbus.com/gtfs
City of Corona,90052,Corona,Riverside,Riverside,www.CoronaCA.gov/transit,8.0,San Bernardino / Riverside,True,True,5307,,11.0,https://data.trilliumtransit.com/gtfs/corona-ca-us/corona-ca-us.zip
Yuba-Sutter Transit Authority,90061,Marysville,Yuba,Yuba,http://www.yubasuttertransit.com/,3.0,Marysville / Sacramento,True,True,5307;5311,,29.0,https://data.trilliumtransit.com/gtfs/yubasutter-ca-us/yubasutter-ca-us.zip
Monterey-Salinas Transit,90062,Monterey,Monterey,Monterey,http://www.mst.org/,5.0,San Luis Obispo / Santa Barbara,True,True,5307;5310;5311;5339,48.0,165.0,https://www.mst.org/google/google_transit.zip
Central Contra Costa Transit Authority,90078,Concord,Contra Costa,Alameda;Contra Costa,http://www.cccta.org/,4.0,Bay Area / Oakland,True,True,5307;5309;5311,76.0,136.0,http://cccta.org/GTFS/google_transit.zip;https://api.511.org/transit/datafeeds?operator_id=CC;https://api.511.org/transit/datafeeds?operator_id=RG
SunLine Transit Agency,90079,Thousand Palms,Riverside,Riverside,http://www.sunline.org/,8.0,San Bernardino / Riverside,True,True,5307;5309;5310;5311;5339,72.0,89.0,https://infopoint.sunline.org/InfoPoint/GTFS-Zip.ashx
City of Riverside,90086,Riverside,Riverside,Riverside,https://www.riversideca.gov/park_rec/programs-sports/seniors/special-transportation-division,8.0,San Bernardino / Riverside,True,False,,21.0,21.0,
City of Santa Maria,90087,Santa Maria,Santa Barbara,Santa Barbara,https://www.cityofsantamaria.org/services/departments/department-of-public-works/santa-maria-regional-transit-5008,5.0,San Luis Obispo / Santa Barbara,True,True,5307;5310;5311,,25.0,https://smrt.tripshot.com/v1/gtfs.zip?regionId=CA558DDC-D7F2-4B48-9CAC-DEEA1134F820
Napa Valley Transportation Authority,90088,Napa,Napa,Napa,http://www.vinetransit.com/,4.0,Bay Area / Oakland,True,True,5307;5310;5311,,48.0,https://api.511.org/transit/datafeeds?operator_id=RG;https://api.511.org/transit/datafeeds?operator_id=VN;https://data.trilliumtransit.com/gtfs/vinetransit-ca-us/vinetransit-ca-us.zip;https://napa.syncromatics.com/gtfs
County of Sonoma,90089,Santa Rosa,Sonoma,Sonoma,http://www.sctransit.com/,4.0,Bay Area / Oakland,True,True,5307;5310;5311,,56.0,https://api.511.org/transit/datafeeds?operator_id=RG;https://api.511.org/transit/datafeeds?operator_id=SO;https://data.trilliumtransit.com/gtfs/sonomacounty-ca-us/sonomacounty-ca-us.zip
Yolo County Transportation District,90090,Woodland,Yolo,Yolo,http://www.yolobus.com/,3.0,Marysville / Sacramento,True,True,5307;5311,,44.0,https://avl.yctd.org/realtime/google_transit.zip
City of Visalia,90091,Visalia,Tulare,Tulare,https://www.visalia.city/depts/transportation_services/transit/default.asp,6.0,Fresno / Bakersfield,True,True,5303;5307;5310;5311;5339,,37.0,https://tc-web.widen.net/content/thmmnlen0j/original/8F5366C7-C947-97A3-22F704DE8660AD72.zip?t.download=true
"City of Fairfield, California",90092,Fairfield,Solano,Solano,https://fasttransit.org/,4.0,Bay Area / Oakland,True,True,5307,,22.0,https://api.511.org/transit/datafeeds?operator_id=FS;https://api.511.org/transit/datafeeds?operator_id=RG;https://data.trilliumtransit.com/gtfs/fairfield-ca-us/fairfield-ca-us.zip
Redding Area Bus Authority,90093,Redding,Shasta,Shasta,http://www.rabaride.com/,2.0,Redding,True,True,5307;5311;5337,,23.0,https://rabagtfs.z5.web.core.windows.net/rabagtfs.zip;https://rabagtfs.z5.web.core.windows.net/rabagtfs_flex.zip
Metropolitan Transportation Commission,90094,San Francisco,San Francisco,San Francisco,https://511.org/vanpool,4.0,Bay Area / Oakland,True,False,,,562.0,
San Diego Association of Governments,90095,San Diego,San Diego,San Diego,https://www.sandag.org/vanpool,11.0,San Diego,True,False,,,395.0,
City of Laguna Beach,90119,Laguna Beach,Orange,Orange,https://www.lagunabeachcity.net/live-here/parking-and-transportation/trolleys,12.0,Orange County,True,True,,,24.0,https://data.trilliumtransit.com/gtfs/lagunabeach-ca-us/lagunabeach-ca-us.zip;https://gtfs.dds.dot.ca.gov/gtfs_files/LagunaBeachTransitLocalFlex.zip
Antelope Valley Transit Authority,90121,Lancaster,Los Angeles,Los Angeles,http://www.avta.com/,7.0,Los Angeles / Ventura,True,True,5307;5310;5311,,88.0,https://www.avta.com/userfiles/files/AVTA_GTFS.zip
Peninsula Corridor Joint Powers Board,90134,San Carlos,San Mateo,San Mateo,http://www.caltrain.com/,4.0,Bay Area / Oakland,True,True,5307;5309;5337,,72.0,https://api.511.org/transit/datafeeds?operator_id=CT;https://api.511.org/transit/datafeeds?operator_id=RG;https://data.trilliumtransit.com/gtfs/caltrain-ca-us/caltrain-ca-us.zip
"University of California, Davis",90142,Davis,Yolo,Yolo,http://unitrans.ucdavis.edu,3.0,Marysville / Sacramento,False,True,5307;5339,29.0,29.0,https://unitrans.ucdavis.edu/sites/g/files/dgvnsk13431/files/media/documents/Unitrans_GTFS.zip
Livermore / Amador Valley Transit Authority,90144,Livermore,Alameda,Alameda;Contra Costa,http://www.wheelsbus.com/,4.0,Bay Area / Oakland,True,True,5307;5311,,49.0,http://webwatch.lavta.org/TMGTFSRealTimeWebService/GTFS-Static/google_transit.zip;https://api.511.org/transit/datafeeds?operator_id=RG;https://api.511.org/transit/datafeeds?operator_id=WH
Foothill Transit,90146,West Covina,Los Angeles,Los Angeles,http://www.foothilltransit.org/,7.0,Los Angeles / Ventura,True,True,5307;5339,,303.0,https://foothill3rdparty.rideralerts.com/myStop/gtfs-zip.ashx
City of Los Angeles,90147,Los Angeles,Los Angeles,Los Angeles,http://www.ladottransit.com/,7.0,Los Angeles / Ventura,True,True,5307;5309;5310;5339,,389.0,https://ladotbus.com/gtfs
Victor Valley Transit Authority,90148,Hesperia,San Bernardino,San Bernardino,http://www.vvta.org/,8.0,San Bernardino / Riverside,True,True,5307;5310;5311;5316;5317;5339,,304.0,https://api.transloc.com/gtfs/vvta.zip;https://ontime.vvta.org/gtfs
City of Lompoc,90149,Lompoc,Santa Barbara,Santa Barbara,http://www.cityoflompoc.com/transit/,5.0,San Luis Obispo / Santa Barbara,True,True,5307,,10.0,https://www.cityoflompoc.com/home/showpublisheddocument/29896
Southern California Regional Rail Authority,90151,Los Angeles,Los Angeles,Los Angeles,http://www.metrolinktrains.com/,7.0,Los Angeles / Ventura,True,True,5307;5337,,195.0,https://www.metrolinktrains.com/globalassets/about/gtfs/gtfs.zip
Los Angeles County Metropolitan Transportation Authority,90154,Los Angeles,Los Angeles,Los Angeles,http://www.metro.net/,7.0,Los Angeles / Ventura,True,True,5307;5309;5337;5339,1817.0,2722.0,https://gitlab.com/LACMTA/gtfs_bus/raw/master/gtfs_bus.zip;https://gitlab.com/LACMTA/gtfs_rail/raw/master/gtfs_rail.zip
City of Vacaville,90155,Vacaville,Solano,Solano,http://www.citycoach.com/,4.0,Bay Area / Oakland,True,True,5307,,14.0,https://api.511.org/transit/datafeeds?operator_id=RG;https://api.511.org/transit/datafeeds?operator_id=VC;https://myride.citycoach.com/gtfs/google_transit.zip
City of San Luis Obispo,90156,San Luis Obispo,San Luis Obispo,San Luis Obispo,www.slotransit.org,5.0,San Luis Obispo / Santa Barbara,True,True,5307,,18.0,http://data.peaktransit.com/staticgtfs/1/gtfs.zip;https://app.mecatran.com/urb/ws/feed/c2l0ZT1zbG90cmFuc2l0O2NsaWVudD1zZWxmO2V4cGlyZT07dHlwZT1ndGZzO2tleT0zZTMwMzM1OTRiMTE2NzA0N2IxNjQwNjA0ZjQwMGMzMzdiM2E1MTQ0
Access Services,90157,El Monte,Los Angeles,Los Angeles,https://accessla.org/,7.0,Los Angeles / Ventura,True,False,,,1047.0,
Western Contra Costa Transit Authority,90159,Pinole,Contra Costa,Contra Costa,http://www.westcat.org/,4.0,Bay Area / Oakland,True,True,5307,,33.0,https://api.511.org/transit/datafeeds?operator_id=RG;https://api.511.org/transit/datafeeds?operator_id=WC;https://data.trilliumtransit.com/gtfs/westcat-ca-us/westcat-ca-us.zip;https://gtfs.dds.dot.ca.gov/gtfs_files/WestCATSeniorDialARideandParatransitFlex.zip
City of Union City,90161,Union City,Alameda,Alameda,http://www.uctransit.org/,4.0,Bay Area / Oakland,True,True,5307,,21.0,https://api.511.org/transit/datafeeds?operator_id=RG;https://api.511.org/transit/datafeeds?operator_id=UC;https://data.trilliumtransit.com/gtfs/unioncity-ca-us/unioncity-ca-us.zip;https://gtfs.dds.dot.ca.gov/gtfs_files/UnionCityParatransitFlex.zip;https://uctransit.info/gtfs
The Eastern Contra Costa Transit Authority,90162,Antioch,Contra Costa,Contra Costa,http://www.trideltatransit.com/,4.0,Bay Area / Oakland,True,True,5307;5311,,97.0,https://api.511.org/transit/datafeeds?operator_id=3D;https://api.511.org/transit/datafeeds?operator_id=RG
City of Camarillo,90163,Camarillo,Ventura,Ventura,https://www.cityofcamarillo.org/residents/public_transportation/index.php,7.0,Los Angeles / Ventura,True,True,5307,,18.0,https://govcbus.com/gtfs;https://gtfs.dds.dot.ca.gov/gtfs_files/CamarilloGTFS.zip
Ventura County Transportation Commission,90164,Camarillo,Ventura,Santa Clara;Ventura,http://www.goventura.org/,7.0,Los Angeles / Ventura,True,True,5307;5311;5339,,42.0,https://data.trilliumtransit.com/gtfs/vctc-ca-us/vctc-ca-us.zip;https://govcbus.com/gtfs;https://gtfs.dds.dot.ca.gov/gtfs_files/ValleyExpressDialARideFlex.zip
City of Thousand Oaks,90165,Thousand Oaks,Ventura,Ventura,https://toaks.gov/transit,7.0,Los Angeles / Ventura,True,True,5307;5310,,21.0,https://data.trilliumtransit.com/gtfs/thousandoaks-ca-us/thousandoaks-ca-us.zip;https://govcbus.com/gtfs
City of Davis,90167,Davis,Yolo,Yolo,http://cityofdavis.org/city-hall/parks-and-community-services/davis-community-transit,3.0,Marysville / Sacramento,True,False,,3.0,3.0,
City of Roseville,90168,Roseville,Placer,Placer,http://www.roseville.ca.us/transit/,3.0,Marysville / Sacramento,True,True,5307,,24.0,https://cityofroseville.tripshot.com/v1/gtfs.zip?regionId=CA558DDC-D7F2-4B48-9CAC-DEEA1134F820;https://iportal.sacrt.com/gtfs/Roseville/google_transit.zip
City of Santa Clarita,90171,Santa Clarita,Los Angeles,Los Angeles,http://santaclaritatransit.com,7.0,Los Angeles / Ventura,True,True,5307,,88.0,https://apps.santaclaritatransit.com/rtt/public/utility/gtfs.aspx
Transit Joint Powers Authority for Merced County,90173,Merced,Merced,Merced,http://www.mercedthebus.com/,10.0,Stockton,True,True,5307;5311,,45.0,https://data.trilliumtransit.com/gtfs/mercedthebus-ca-us/mercedthebus-ca-us.zip;https://thebuslive.com/gtfs
City of Lodi,90175,Lodi,San Joaquin,San Joaquin,www.lodi.gov/transit,10.0,Stockton,True,True,5307;5339,,13.0,https://www.lodi.gov/DocumentCenter/View/2453/lodi_gtfs-ZIP
Altamont Corridor Express,90182,Stockton,San Joaquin,San Joaquin,http://www.acerail.com/,10.0,Stockton,True,True,5307;5309;5337,,28.0,https://api.511.org/transit/datafeeds?operator_id=CE;https://api.511.org/transit/datafeeds?operator_id=RG;https://cdn.acerail.com/wp-content/uploads/ACE_1252025.zip
City of Atascadero,90194,Atascadero,San Luis Obispo,San Luis Obispo,https://www.atascadero.org/service/publictransit,5.0,San Luis Obispo / Santa Barbara,True,True,,,2.0,
County of Placer,90196,Auburn,Placer,Placer,https://www.placercountytransit.com,3.0,Marysville / Sacramento,True,True,5307;5311;5339,19.0,42.0,https://data.trilliumtransit.com/gtfs/placercounty-ca-us/placercounty-ca-us.zip;https://gtfs.dds.dot.ca.gov/gtfs_files/PlacerCountyDialARideFlex.zip
City of Tracy,90197,Tracy,San Joaquin,San Joaquin,http://www.ridetracer.com,10.0,Stockton,True,True,5307;5339,,15.0,http://s3.amazonaws.com/etatransit.gtfs/tracer.etaspot.net/gtfs.zip;https://gtfs.dds.dot.ca.gov/gtfs_files/TracyTRACERPlusandParatransitFlex.zip
City of Porterville,90198,Porterville,Tulare,Tulare,https://www.ci.porterville.ca.us/departments/porterville_transit/index.php,6.0,Fresno / Bakersfield,True,False,,,,
City of Madera,90199,Madera,Madera,Madera,https://www.madera.gov/home/departments/transit/,6.0,Fresno / Bakersfield,True,True,5307,,22.0,https://data.trilliumtransit.com/gtfs/cityofmadera-ca-us/cityofmadera-ca-us.zip
Kings County Area Public Transit Agency,90200,Hanford,Kings,Kings,http://www.kartbus.org,6.0,Fresno / Bakersfield,True,True,5307;5311;5339,,68.0,https://kart.connexionz.net/rtt/public/utility/gtfs.aspx
City of Turlock,90201,Turlock,Stanislaus,Stanislaus,www.turlocktransit.com,10.0,Stockton,True,True,5307,,13.0,https://data.trilliumtransit.com/gtfs/turlock-ca-us/turlock-ca-us.zip;https://gtfs.dds.dot.ca.gov/gtfs_files/TurlockTransitDialARideFlex.zip
San Luis Obispo Regional Transit Authority,90206,San Luis Obispo,San Luis Obispo,San Luis Obispo,http://www.slorta.org/,5.0,San Luis Obispo / Santa Barbara,True,True,5307;5311;5339,38.0,38.0,https://slo.connexionz.net/rtt/public/utility/gtfs.aspx
Butte County Association of Governments,90208,Chico,Butte,Butte,http://www.blinetransit.com,3.0,Marysville / Sacramento,True,True,5307;5310;5311;5339,,37.0,https://planmyride.blinetransit.com/gtfsrealtime/google_transit.zip
Anaheim Transportation Network,90211,Anaheim,Orange,Orange,http://www.rideart.org/,12.0,Orange County,True,True,5339,,62.0,https://art.tripshot.com/v1/gtfs.zip?regionId=CA558DDC-D7F2-4B48-9CAC-DEEA1134F820;https://art.tripshot.com/v2/gtfs.zip?regionId=CA558DDC-D7F2-4B48-9CAC-DEEA1134F820
City of Petaluma,90213,Petaluma,Sonoma,Sonoma,http://transit.cityofpetaluma.net/,4.0,Bay Area / Oakland,True,True,5307,,11.0,https://api.511.org/transit/datafeeds?operator_id=PE;https://api.511.org/transit/datafeeds?operator_id=RG;https://data.trilliumtransit.com/gtfs/petalumatransit-petaluma-ca-us/petalumatransit-petaluma-ca-us.zip;https://petalumatransit.com/gtfs
City of Redondo Beach,90214,Redondo Beach,Los Angeles,Los Angeles,http://www.beachcitiestransit.org,7.0,Los Angeles / Ventura,True,True,5307,,17.0,https://redondobeachbct.com/gtfs
County of Sacramento Municipal Services Agency,90216,Sacramento,Sacramento,Sacramento,http://www.sctlink.com/,,,,,,,12.0,
City of Manteca,90217,Manteca,San Joaquin,San Joaquin,http://www.mantecatransit.com,10.0,Stockton,True,True,5307,,6.0,https://data.trilliumtransit.com/gtfs/manteca-ca-us/manteca-ca-us--flex-v2.zip;https://s3.amazonaws.com/etatransit.gtfs/mantecatransit.etaspot.net/gtfs.zip
Riverside County Transportation Commission,90218,Riverside,Riverside,Riverside,http://www.rctc.org/,8.0,San Bernardino / Riverside,True,False,,,37.0,
"Paratransit, Inc.",90223,Sacramento,Sacramento,Sacramento,http://www.paratransit.org/,3.0,Marysville / Sacramento,False,False,,38.0,38.0,
San Francisco Bay Area Water Emergency Transportation Authority,90225,San Francisco,San Francisco,San Francisco,http://www.sanfranciscobayferry.com/weta,4.0,Bay Area / Oakland,True,True,5307;5337,,11.0,https://api.511.org/transit/datafeeds?operator_id=RG;https://api.511.org/transit/datafeeds?operator_id=SB;https://data.trilliumtransit.com/gtfs/sfbayferry-ca-us/sfbayferry-ca-us.zip
Imperial County Transportation Commission,90226,El Centro,Imperial,Imperial,http://www.imperialctc.org/,11.0,San Diego,True,True,5307;5310;5311,,38.0,https://schedule.ivtransit.com/gtfs/data.zip
City of Moorpark,90227,Moorpark,Ventura,Ventura,http://www.moorparkca.gov/transit,7.0,Los Angeles / Ventura,True,True,5307,,2.0,https://data.trilliumtransit.com/gtfs/moorparkcitytransit-ca-us/moorparkcitytransit-ca-us.zip;https://govcbus.com/gtfs
El Dorado County Transit Authority,90229,Diamond Springs,El Dorado,El Dorado;Sacramento,http://www.eldoradotransit.com/,3.0,Marysville / Sacramento,True,True,5307;5310;5311;5339,18.0,18.0,https://data.trilliumtransit.com/gtfs/eldoradotransit-ca-us/eldoradotransit-ca-us.zip
California Vanpool Authority,90230,Visalia,Tulare,Tulare,https://calvans.gov/,6.0,Fresno / Bakersfield,True,False,,736.0,736.0,
Solano County Transit,90232,Vallejo,Solano,Solano,http://www.soltrans.org/,4.0,Bay Area / Oakland,True,True,5307,,37.0,https://api.511.org/transit/datafeeds?operator_id=RG;https://api.511.org/transit/datafeeds?operator_id=ST;https://soltrans.connexionz.net/rtt/public/resource/gtfs.zip
Marin County Transit District,90234,San Rafael,Marin,Marin,http://marintransit.org/,4.0,Bay Area / Oakland,True,True,5307;5310;5311;5320;5339,,72.0,https://api.511.org/transit/datafeeds?operator_id=MA;https://api.511.org/transit/datafeeds?operator_id=RG;https://marintransit.org/data/google_transit.zip
City of Lincoln,90235,Lincoln,Placer,Placer,https://www.placer.ca.gov/1768/Placer-County-Transit,3.0,Marysville / Sacramento,True,False,,,,
City of Delano,90238,Delano,Kern,Kern,http://www.cityofdelano.org/92/Delano-Area-Rapid-Transit-DART,6.0,Fresno / Bakersfield,True,True,5307;5339,9.0,9.0,https://data.trilliumtransit.com/gtfs/delano-ca-us/delano-ca-us.zip
Easy Lift Transportation,90243,Goleta,Santa Barbara,Santa Barbara,http://www.easylift.org/,5.0,San Luis Obispo / Santa Barbara,False,False,5310,28.0,28.0,
City of Agoura Hills,90246,Agoura Hills,Los Angeles,Los Angeles,https://www.agourahillscity.org/our-city/residents/transportation-services/alternative-transportation,7.0,Los Angeles / Ventura,True,False,,,2.0,
City of Alhambra,90247,Alhambra,Los Angeles,Los Angeles,https://www.cityofalhambra.org/293/Alhambra-Community-Transit-ACT,7.0,Los Angeles / Ventura,True,True,,,19.0,https://www.alhambraca.gov/DocumentCenter/View/6743/Alhambra-ACT-Bus-GTFS
City of Avalon,90249,Avalon,Los Angeles,Los Angeles,www.cityofavalon.com/202/Avalon-Transit,7.0,Los Angeles / Ventura,True,False,,,9.0,
City of Azusa,90250,Azusa,Los Angeles,Los Angeles,https://azusaca.gov/329/Azusa-Transit,7.0,Los Angeles / Ventura,True,True,,6.0,6.0,
City of Baldwin Park,90251,Baldwin Park,Los Angeles,Los Angeles,https://www.baldwinpark.com/233/Public-Transit,7.0,Los Angeles / Ventura,True,True,,,8.0,https://baldwinpark.tectransit.com/api/public/fixedRoute/gtfs
City of Bell,90252,Bell,Los Angeles,Los Angeles,http://www.cityofbell.org/?NavID=276,7.0,Los Angeles / Ventura,True,True,,,10.0,https://rapid.nationalrtap.org/GTFSFileManagement/UserUploadFiles/13119/LaCampanaGTFS-2025-01-17.zip
City of Bell Gardens,90253,Bell,Los Angeles,Los Angeles,www.bellgardens.org/government/city-departments/public-works/transportation,7.0,Los Angeles / Ventura,True,True,,,6.0,https://www.ips-systems.com/GTFS/Schedule/21
City of Bellflower,90254,Bellflower,Los Angeles,Los Angeles,https://www.bellflower.org/community/transportation/index.php,7.0,Los Angeles / Ventura,True,True,5309,,4.0,https://gtfs.remix.com/CalITP.zip
City of Beverly Hills,90255,Beverly Hills,Los Angeles,Los Angeles,https://www.beverlyhills.org/seniortransportation,7.0,Los Angeles / Ventura,True,True,,,4.0,
City of Burbank,90256,Burbank,Los Angeles,Los Angeles,www.burbankbus.org,7.0,Los Angeles / Ventura,True,True,,6.0,17.0,https://rideburbankbus.com/gtfs
City of Calabasas,90257,Calabasas,Los Angeles,Los Angeles,www.cityofcalabasas.com,7.0,Los Angeles / Ventura,True,True,,,8.0,https://www.cityofcalabasas.com/home/showpublisheddocument/32961/638749699548630000
City of Carson,90258,Carson,Los Angeles,Los Angeles,http://ci.carson.ca.us/CommunityServices/Transportation.aspx,7.0,Los Angeles / Ventura,True,True,,4.0,19.0,https://rapid.nationalrtap.org/GTFSFileManagement/UserUploadFiles/11488/CarsonGTFS.zip
City of Cerritos,90259,Cerritos,Los Angeles,Los Angeles,www.cerritostransit.com,7.0,Los Angeles / Ventura,True,True,,,16.0,https://passio3.com/cerritos/passioTransit/gtfs/google_transit.zip;https://www.cerritos.gov/media/v4lhplsz/google_transit-20250114.zip
City of Compton,90260,Compton,Los Angeles,Los Angeles,https://www.comptoncity.org/our-city/visitors/transportation,7.0,Los Angeles / Ventura,True,True,,0.0,5.0,https://github.com/LACMTA/los-angeles-regional-gtfs/raw/main/compton-ca-us/compton-ca-us.zip
City of Covina,90261,Covina,Los Angeles,Los Angeles,https://covinaca.gov/city-departments/transportation-division/,7.0,Los Angeles / Ventura,True,True,,,5.0,https://www.ips-systems.com/GTFS/Schedule/27
City of Cudahy,90262,Cudahy,Los Angeles,Los Angeles,http://www.cityofcudahy.com,7.0,Los Angeles / Ventura,True,True,,,6.0,https://www.cityofcudahyca.gov/DocumentCenter/View/2511
City of Downey,90263,Downey,Los Angeles,Los Angeles,https://www.downeyca.org/transit,7.0,Los Angeles / Ventura,True,True,,,15.0,https://downey.rideralerts.com/infopoint/gtfs-zip.ashx
City of El Monte,90265,El Monte,Los Angeles,Los Angeles,http://www.ci.el-monte.ca.us/Government/PublicWorks/Transportation.aspx,7.0,Los Angeles / Ventura,True,True,,4.0,14.0,https://data.trilliumtransit.com/gtfs/elmonte-ca-us/elmonte-ca-us.zip;https://rapid.nationalrtap.org/GTFSFileManagement/UserUploadFiles/11664/Google_Transit.zip
City of Glendora,90266,Glendora,Los Angeles,Los Angeles,https://www.cityofglendora.org/departments-services/transportation,7.0,Los Angeles / Ventura,True,True,5310,,10.0,https://www.cityofglendora.gov/files/assets/city/v/3/recreation-amp-human-services/transportation/documents/gtfs-6-2025.zip
City of Huntington Park,90267,Huntington Park,Los Angeles,Los Angeles,http://www.hpca.gov/231/City-Transportation,7.0,Los Angeles / Ventura,True,True,,,16.0,https://www.hpca.gov/DocumentCenter/View/11702
City of Inglewood,90268,Inglewood,Los Angeles,Los Angeles,https://www.cityofinglewood.org/796/Transportation,7.0,Los Angeles / Ventura,True,True,,9.0,9.0,https://www.cityofinglewood.org/documentcenter/view/21177
Los Angeles County,90269,Alhambra,Los Angeles,Los Angeles,www.lagobus.info,,,,,,,2.0,
Los Angeles County,90270,Alhambra,Los Angeles,Los Angeles,https://www.dpw.lacounty.gov/landing/transportation.cfm,,,,,,,1.0,
Los Angeles County,90271,Alhambra,Los Angeles,Los Angeles,www.lagobus.org,7.0,Los Angeles / Ventura,True,True,5311,,16.0,https://data.trilliumtransit.com/gtfs/dpwlacounty-ca-us/dpwlacounty-ca-us.zip
Los Angeles County,90272,Alhambra,Los Angeles,Los Angeles,https://www.dpw.lacounty.gov/landing/transportation.cfm,,,,,,,1.0,
Los Angeles County,90273,Alhambra,Los Angeles,Los Angeles,https://www.dpw.lacounty.gov/landing/transportation.cfm,,,,,,,2.0,
Los Angeles County,90274,Alhambra,Los Angeles,Los Angeles,www.lagobus.info,,,,,,,2.0,
Los Angeles County,90275,Alhambra,Los Angeles,Los Angeles,www.lagobus.info,,,,,,,1.0,
Los Angeles County,90276,Alhambra,Los Angeles,Los Angeles,https://www.dpw.lacounty.gov/landing/transportation.cfm,,,,,,,5.0,
Los Angeles County,90277,Alhambra,Los Angeles,Los Angeles,https://dpw.lacounty.gov/transit/DAR.aspx#pageTitle,,,,,,,10.0,
Los Angeles County,90278,Alhambra,Los Angeles,Los Angeles,http://www.dpw.lacounty.gov/transit,,,,,,,3.0,
Los Angeles County,90279,Alhambra,Los Angeles,Los Angeles,http://www.dpw.lacounty.gov/transit/,,,,,,,3.0,
City of Lynwood,90281,Lynwood,Los Angeles,Los Angeles,https://www.lynwoodca.gov/252/Lynwood-Breeze-Trolley-Schedule,7.0,Los Angeles / Ventura,True,True,,,4.0,https://www.ips-systems.com/GTFS/Schedule/53
City of Malibu,90282,Malibu,Los Angeles,Los Angeles,https://www.malibucity.org/343/Senior-Center,7.0,Los Angeles / Ventura,True,False,,,2.0,
City of Manhattan Beach,90283,Manhattan Beach,Los Angeles,Los Angeles,www.citymb.info/departments/parks-and-recreation/older-adults-program/dial-a-ride,7.0,Los Angeles / Ventura,True,False,,3.0,3.0,
City of Maywood,90284,Maywood,Los Angeles,Los Angeles,https://www.cityofmaywood.com/200/Transportation,7.0,Los Angeles / Ventura,True,True,,,5.0,https://gtfs.dds.dot.ca.gov/gtfs_files/MaywoodGTFS.zip
City of Monrovia,90285,Monrovia,Los Angeles,Los Angeles,https://www.cityofmonrovia.org/your-government/public-works/transportation/gomonrovia,7.0,Los Angeles / Ventura,True,True,,,4.0,
City of Monterey Park,90286,Montery Park,Los Angeles,Los Angeles,http://www.montereypark.ca.gov/549/Spirit-Bus,7.0,Los Angeles / Ventura,True,True,,4.0,12.0,https://passio3.com/montereyp/passioTransit/gtfs/google_transit.zip
Palos Verdes Peninsula Transit Authority,90287,Rolling Hills,Los Angeles,Los Angeles,http://www.palosverdes.com/pvtransit/,7.0,Los Angeles / Ventura,True,True,,,27.0,https://data.trilliumtransit.com/gtfs/pvpta-ca-us/pvpta-ca-us.zip
City of Pico Rivera,90288,Pico Rivera,Los Angeles,Los Angeles,https://www.pico-rivera.org/transportation/,7.0,Los Angeles / Ventura,True,False,,,2.0,
City of Rosemead,90289,Rosemead,Los Angeles,Los Angeles,http://www.cityofrosemead.org/cms/one.aspx?pageId=10909050,7.0,Los Angeles / Ventura,True,False,,,7.0,
City of Santa Fe Springs,90290,Santa Fe Springs,Los Angeles,Los Angeles,https://www.santafesprings.org/departments/transportation_services.php,7.0,Los Angeles / Ventura,True,False,,2.0,2.0,
City of South Gate,90291,South Gate,Los Angeles,Los Angeles,https://www.cityofsouthgate.org/City-Services/Transportation,7.0,Los Angeles / Ventura,True,True,,,15.0,https://www.cityofsouthgate.org/files/sharedassets/public/v/2/government/parks-amp-recreation/documents/southgategtfs-2025-03-17.zip
City of South Pasadena,90292,South Pasadena,Los Angeles,Los Angeles,https://www.southpasadenaca.gov/government/departments/community-services/dial-a-ride,7.0,Los Angeles / Ventura,True,False,,4.0,4.0,
City of West Covina,90293,West Covina,Los Angeles,Los Angeles,https://www.westcovina.org/departments/community-services-department/transit-services,7.0,Los Angeles / Ventura,True,True,,,8.0,https://www.westcovina.gov/DocumentCenter/View/2039
City of West Hollywood,90294,West Hollywood,Los Angeles,Los Angeles,https://www.weho.org/services/public-transportation-transit-options,7.0,Los Angeles / Ventura,True,True,,,9.0,https://www.weho.org/home/showdocument?id=53383&t=638712594969943786
City of Whittier,90295,Whittier,Los Angeles,Los Angeles,https://www.whittierprcs.org/transit/dial-a-ride-and-dar-plus,7.0,Los Angeles / Ventura,True,False,,,10.0,
City of Claremont,90296,Claremont,Los Angeles,Los Angeles,pvtrans.org,7.0,Los Angeles / Ventura,True,False,,,17.0,
County of Ventura,90298,Ventura,Ventura,Ventura,https://www.vcpublicworks.org/rt/publictransportation/,7.0,Los Angeles / Ventura,True,False,,,4.0,
Sonoma-Marin Area Rail Transit District,90299,Petaluma,Sonoma,Sonoma,www.sonomamarintrain.org,4.0,Bay Area / Oakland,True,True,5307,12.0,14.0,https://api.511.org/transit/datafeeds?operator_id=RG;https://api.511.org/transit/datafeeds?operator_id=SA;https://data.trilliumtransit.com/gtfs/smart-ca-us/smart-ca-us.zip
City of Artesia,90300,Artesia,Los Angeles,Los Angeles,http://www.cityofartesia.us/index.aspx?NID=189,7.0,Los Angeles / Ventura,True,True,,,6.0,https://gtfs.dds.dot.ca.gov/gtfs_files/ArtesiaGTFS.zip
City of Lakewood,90301,Lakewood,Los Angeles,Los Angeles,https://www.lakewoodcity.org/Residents/Senior-Services/DASH-Transit-and-Buses,7.0,Los Angeles / Ventura,True,False,,12.0,12.0,
San Bernardino County Transportation Authority,90302,San Bernardino,San Bernardino,San Bernardino,www.gosbcta.com,8.0,San Bernardino / Riverside,True,True,5307,,79.0,https://www.metrolinktrains.com/globalassets/about/gtfs/gtfs.zip
Santa Barbara County Association of Governments,90303,Santa Barbara,Santa Barbara,Santa Barbara,https://cleanairexpress.com/,5.0,San Luis Obispo / Santa Barbara,True,True,5307,,10.0,https://cleanairexpress.com/wp-content/uploads/GTFS.zip
Stanislaus Regional Transit Authority,90306,Modesto,Stanislaus,Stanislaus,https://stanrta.org/,10.0,Stockton,True,True,5311,,108.0,https://gtfs.dds.dot.ca.gov/gtfs_files/StanRTAModestoNewmanOakdalePattersomandRiverbankFlex.zip;https://stanrta.rideralerts.com/InfoPoint/gtfs-zip.ashx
Tulare County Regional Transit Agency,90310,Visalia,Tulare,Tulare,www.gotcrta.org,6.0,Fresno / Bakersfield,True,True,5311,,45.0,http://data.peaktransit.com/staticgtfs/120/gtfs.zip;https://gtfs.dds.dot.ca.gov/gtfs_files/TulareCountyAreaTransitandDialARideFlex.zip
Stanislaus Council of Governments,90311,Modesto,Stanislaus,Stanislaus,https://staniscruise.com/,,,,,,,100.0,
Sacramento Area Council of Governments,90312,Sacramento,Sacramento,Sacramento,www.sacog.org,,,,,,,,
City of Clovis,90313,Clovis,Fresno,Fresno,https://clovistransit.com,,,,,,35.0,35.0,
Attentive Transportation LLC,90314,Sacramento,Sacramento,Sacramento,www.attentivetransportation.com,,,,,,1.0,1.0,
Amador Transit,91000,Jackson,Amador,Amador,http://amadortransit.com/,,,,,,17.0,17.0,
City of Corcoran,91002,Corcoran,Kings,Kings,http://www.cityofcorcoran.com/,,,,,,4.0,4.0,
Madera County,91005,Madera,Madera,Madera,https://www.maderacounty.com/government/public-works/transit,,,,,,,9.0,
City of Ridgecrest,91006,Ridgecrest,Kern,Kern,http://ridgecrest-ca.gov/,,,,,,5.0,5.0,
Fresno County Rural Transit Agency,91007,Fresno,Fresno,Fresno,http://www.ruraltransit.org/,,,,,,,65.0,
Modoc Transportation Agency,91008,Alturas,Modoc,Modoc,http://sagestage.com/,,,,,,,3.0,
San Benito County Local Transportation Authority,91009,Hollister,San Benito,San Benito,http://www.sanbenitocountyexpress.org/,,,,,,,19.0,
Mountain Area Regional Transit Authority,91012,Big Bear Lake,San Bernardino,San Bernardino,http://mountaintransit.org/,,,,,,32.0,32.0,
City of Rio Vista,91014,Rio Vista,Solano,Solano,https://www.riovistacity.com/deltabreeze,,,,,,,2.0,
City of Arcata,91018,Arcata,Humboldt,Humboldt,http://www.cityofarcata.org/,,,,,,,3.0,
City of Needles,91020,Needles,San Bernardino,San Bernardino,http://www.cityofneedles.com/,,,,,,,1.0,
City of Arvin,91027,Arvin,Kern,Kern,http://www.arvin.org/,,,,,,4.0,4.0,
City of Solvang,91028,Solvang,Santa Barbara,Santa Barbara,http://www.syvt.com,,,,,,,5.0,
City of Auburn,91032,Auburn,Placer,Placer,https://www.auburn.ca.gov/192/Transit-Services,,,,,,6.0,6.0,
Trinity County,91035,Weaverville,,,http://www.trinitycounty.org/,,,,,,4.0,4.0,
Humboldt Transit Authority,91036,Eureka,Humboldt,Humboldt,http://www.hta.org/,,,,,,17.0,22.0,
Sierra County,91038,Downieville,,,http://sierracounty.ca.gov/,,,,,,,4.0,
City of Dixon,91041,Dixon,Solano,Solano,http://www.ci.dixon.ca.us/,,,,,,10.0,10.0,
City of Guadalupe,91043,Guadalupe,Santa Barbara,Santa Barbara,http://www.ci.guadalupe.ca.us/,,,,,,,3.0,
Mendocino Transit Authority,91047,Ukiah,Mendocino,Mendocino,http://www.mendocinotransit.org,,,,,,20.0,20.0,
County of Siskiyou,91048,Yreka,Siskiyou,Siskiyou,http://www.co.siskiyou.ca.us/,,,,,,5.0,5.0,
Lake Transit Authority,91053,Lower Lake,,,http://laketransit.org/,,,,,,,26.0,
Tuolumne County Transit Agency,91057,Sonora,Tuolumne,Tuolumne,https://www.tuolumnecountytransit.com/,,,,,,,9.0,
City of Ojai,91058,Ojai,Ventura,Ventura,https://www.ojaitrolley.com/,,,,,,2.0,2.0,
County of Kern,91059,Bakersfield,Kern,Kern,http://kerntransit.org/,,,,,,,40.0,
Eastern Sierra Transit Authority,91062,Bishop,Inyo,Inyo,https://www.estransit.com,,,,,,37.0,37.0,
City of Taft,91066,Taft,Kern,Kern,http://www.cityoftaft.org/pView.aspx?id=5385&catid=562,,,,,,3.0,3.0,
Yosemite Area Regional Transportation System,91070,Merced,Merced,Merced,http://www.YARTS.com,,,,,,,13.0,
City of Chowchilla,91071,Chowchilla,Madera,Madera,https://www.cityofchowchilla.org/,,,,,,2.0,2.0,
City of Tehachapi,91074,Tehachapi,Kern,Kern,http://www.liveuptehachapi.com/,,,,,,,,
City of Escalon,91078,Escalon,San Joaquin,San Joaquin,http://cityofescalon.org/government/departments/transit_service,,,,,,,3.0,
Mariposa County,91082,Mariposa,,,https://www.mariposacounty.org/422/Transportation?,,,,,,8.0,8.0,
County of Glenn,91088,Willows,Glenn,Glenn,https://www.countyofglenn.net/dept/public-works/public-transit-transportation/welcome,,,,,,,4.0,
Tehama County,91089,Gerber,,,http://www.taketrax.com/,,,,,,,14.0,
Morongo Basin Transit Authority,91090,Joshua Tree,,,http://www.mbtabus.com,,,,,,13.0,13.0,
County of Nevada,91095,Nevada City,Nevada,Nevada,https://www.nevadacountyca.gov/3456/Transit-Services,,,,,,7.0,17.0,
Redwood Coast Transit Authority,91097,Crescent City,Del Norte,Del Norte,http://www.redwoodcoasttransit.org/,,,,,,,4.0,
Lassen Transit Service Agency,91098,Susanville,Lassen,Lassen,http://lassentransportation.com/ltsa,,,,,,,5.0,
Town of Truckee,91101,Truckee,,,http://www.townoftruckee.com/,,,,,,,6.0,
City of McFarland,91110,Mcfarland,,,http://www.mcfarlandcity.org,,,,,,1.0,1.0,
City of California City,91111,California City,Kern,Kern,http://www.californiacity-ca.gov/CC/,,,,,,2.0,2.0,
County of Colusa,91112,Colusa,Colusa,Colusa,https://www.countyofcolusa.org/181/Transit,,,,,,7.0,7.0,
County of Alpine,91116,Markleeville,,,http://www.alpinecountyca.gov/index.aspx?NID=159,,,,,,1.0,1.0,
Plumas County Transportation Commission,91119,Quincy,,,http://www.countyofplumas.com/,,,,,,,6.0,
City of Shafter,91120,Shafter,Kern,Kern,http://www.shafter.com/,,,,,,2.0,2.0,
Yurok Tribe,99262,Klamath,Del Norte,Del Norte,http://www.yuroktribe.org/,1.0,Eureka,True,True,5311,6.0,6.0,https://gtfs.dds.dot.ca.gov/gtfs_files/YurokGTFS.zip
Bishop Paiute Tribe,99268,Bishop,Inyo,Inyo,http://www.bishoppaiutetribe.com/,9.0,Bishop,True,False,,,,
Blue Lake Rancheria,99292,Blue Lake,Humboldt,Humboldt,https://www.bluelakerancheria-nsn.gov/initiatives/transportation/,1.0,Eureka,True,False,,,,
Quechan Indian Tribe,99310,Winterhaven,Imperial,,http://www.ycipta.org/routes/5,11.0,San Diego,True,False,,,,
Chemehuevi Indian Tribe,99316,Havasu Lake,San Bernardino,,https://www.havasulandingcasino.com/ferry-schedule,8.0,San Bernardino / Riverside,True,True,5311,2.0,2.0,https://gtfs.dds.dot.ca.gov/gtfs_files/HavasuLandingFerryGTFS.zip
Morongo Band of Mission Indians,99358,Banning,Riverside,Riverside,https://morongonation.org/transportation/,8.0,San Bernardino / Riverside,True,True,,1.0,1.0,
North Fork Rancheria of Mono Indians of California,99364,North Fork,Madera,Madera,http://northforkrancheria-nsn.gov/,6.0,Fresno / Bakersfield,True,False,,2.0,2.0,
Tule River Tribe,99370,Porterville,Tulare,Tulare,http://www.tulerivertribe-nsn.gov/,6.0,Fresno / Bakersfield,True,False,,,,
San Joaquin Council,99422,Stockton,San Joaquin,San Joaquin,http://www.sjcog.org/,10.0,Stockton,True,False,,,403.0,
City of Glendale,99423,Glendale,Los Angeles,Los Angeles,www.glendaleca.gov/government/departments/public-works/public-transportation/beeline-transit-system,7.0,Los Angeles / Ventura,True,True,5307,,41.0,https://glendaleca.gov/Home/ShowDocument?id=29549
City of Pasadena,99424,Pasadena,Los Angeles,Los Angeles,https://www.cityofpasadena.net/pasadena-transit/,7.0,Los Angeles / Ventura,True,True,5316,,33.0,https://rt.pasadenatransit.net/rtt/public/utility/gtfs.aspx
Pomona Valley Transportation Authority,99425,La Verne,Los Angeles,Los Angeles,http://www.pvtrans.org/,7.0,Los Angeles / Ventura,True,True,,,42.0,
City of Wasco,99426,Wasco,Kern,Kern,http://www.ci.wasco.ca.us/,,,,,,3.0,3.0,
County of Shasta Department of Public Works,99438,Redding,Shasta,Shasta,https://www.co.shasta.ca.us/index/pw_index/rural-transit,,,,,,,,
Calaveras Transit Agency,99442,San Andreas,,,http://calaverasconnect.org/,,,,,,,11.0,
City of South El Monte,99443,S El Monte,,,http://www.ci.south-el-monte.ca.us/,,,,,,,,
Bob Hope Airport,99444,Burbank,Los Angeles,Los Angeles,www.hollywoodburbankairport.com,,,,,,,,
City of La Habra Heights,99445,La Habra Heights,Los Angeles,Los Angeles,www.Lhhcity.org,,,,,,,,
City of Sierra Madre,99447,Sierra Madre,Los Angeles,Los Angeles,www.cityofsierramadre.com,,,,,,,,
City of Palmdale,99448,Palmdale,Los Angeles,Los Angeles,https://www.cityofpalmdale.org/,,,,,,,,
City of El Segundo,99449,El Segundo,Los Angeles,Los Angeles,https://www.elsegundo.org/,,,,,,,,
City of Hawaiian Gardens,99450,Hawaiian Gardens,Los Angeles,Los Angeles,https://hgcity.org/hg/,,,,,,,,
City of San Fernando,99451,San Fernando,Los Angeles,Los Angeles,http://ci.san-fernando.ca.us/getting-around/,,,,,,,,
Palo Verde Valley Transit Agency,99454,Blythe,Riverside,Riverside,www.pvvta.com,,,,,,,7.0,
Jewish Family Service of San Diego,99468,San Diego,San Diego,San Diego,https://www.jfssd.org/,,,,,,,,
Full Access & Coordinated Transportation Inc.,99469,Oceanside,San Diego,San Diego,https://factsd.org/,,,,,,,,
Travelers' Aid Society Of San Diego,99470,San Diego,San Diego,San Diego,https://www.travelersaidsandiego.org/,,,,,,,,
Total Deliverance Worship Center,99471,San Diego,San Diego,San Diego,https://totaldeliverance.org/,,,,,,,,
Renewing Life,99472,Bonita,,,https://renewinglife4sd.com/,,,,,,,,
Humboldt Transit Authority-Intercity,99476,Eureka,Humboldt,Humboldt,http://www.hta.org/,,,,,,,,
Mendocino Transit Authority-Intercity,99477,Ukiah,Mendocino,Mendocino,http://www.mendocinotransit.org,,,,,,,,
Redwood Coast Transit Authority-Intercity,99478,Crescent City,Del Norte,Del Norte,http://www.redwoodcoasttransit.org/,,,,,,,,
California Department of Transportation,9R02,Sacramento,Sacramento,Sacramento,http://www.dot.ca.gov/,3.0,Marysville / Sacramento,True,False,,,,
Los Angeles County Metropolitan Transportation Authority,A0003,Los Angeles,Los Angeles,Los Angeles,http://www.metro.net/,,,,,,,,
Ventura Intercity Service Transit Authority,A0005,Camarillo,Ventura,Ventura,http://www.goventura.org/,,,,,,,,
Humboldt Transit Authority,A0009,Eureka,Humboldt,Humboldt,http://www.hta.org/,,,,,,,,
Metropolitan Transportation Commission,A0013,San Francisco,San Francisco,San Francisco,http://www.mtc.ca.gov/,,,,,,,,
Redding Area Bus Authority,A0016,Redding,Shasta,Shasta,http://www.rabaride.com/,,,,,,,,
San Luis Obispo Regional Transit Authority,A0022,San Luis Obispo,San Luis Obispo,San Luis Obispo,http://www.slorta.org/,,,,,,,,
San Diego Association of Governments,A0030,San Diego,San Diego,San Diego,https://www.icommutesd.com/vanpool/vanpool,,,,,,,,
